{
  "impressions_history_recs_hidden_authors": [
    {
      "title": "",
      "media_map_data": {
        
      },
      "string_map_data": {
        "Username": {
          "href": "",
          "value": "tallguysrc",
          "timestamp": 0
        },
        "Time": {
          "href": "",
          "value": "",
          "timestamp": 1661055954
        }
      }
    },
    {
      "title": "",
      "media_map_data": {
        
      },
      "string_map_data": {
        "Username": {
          "href": "",
          "value": "randysvge",
          "timestamp": 0
        },
        "Time": {
          "href": "",
          "value": "",
          "timestamp": 1658304917
        }
      }
    },
    {
      "title": "",
      "media_map_data": {
        
      },
      "string_map_data": {
        "Username": {
          "href": "",
          "value": "daniel_1ewin",
          "timestamp": 0
        },
        "Time": {
          "href": "",
          "value": "",
          "timestamp": 1655611880
        }
      }
    },
    {
      "title": "",
      "media_map_data": {
        
      },
      "string_map_data": {
        "Username": {
          "href": "",
          "value": "sport.addictz",
          "timestamp": 0
        },
        "Time": {
          "href": "",
          "value": "",
          "timestamp": 1652763763
        }
      }
    },
    {
      "title": "",
      "media_map_data": {
        
      },
      "string_map_data": {
        "Username": {
          "href": "",
          "value": "nbagangs",
          "timestamp": 0
        },
        "Time": {
          "href": "",
          "value": "",
          "timestamp": 1649037322
        }
      }
    },
    {
      "title": "",
      "media_map_data": {
        
      },
      "string_map_data": {
        "Username": {
          "href": "",
          "value": "thecooltravel",
          "timestamp": 0
        },
        "Time": {
          "href": "",
          "value": "",
          "timestamp": 1649037303
        }
      }
    }
  ]
}