{
  "devices_camera": [
    {
      "title": "",
      "media_map_data": {
        
      },
      "string_map_data": {
        "Device ID": {
          "href": "",
          "value": "67cf7a976798d8146762443c3438644c",
          "timestamp": 0
        },
        "Supported SDK Versions": {
          "href": "",
          "value": "119.0,120.0,121.0,122.0,123.0,124.0,125.0,126.0,127.0,128.0,129.0,130.0,131.0,132.0,133.0,134.0,135.0,136.0,137.0,138.0,139.0,140.0,141.0,142.0,143.0,144.0,145.0,146.0",
          "timestamp": 0
        }
      }
    }
  ]
}