{
  "devices_devices": [
    {
      "title": "",
      "media_map_data": {
        
      },
      "string_map_data": {
        "Device ID": {
          "href": "",
          "value": "android-C44156C1-FD06-49EB-BBB7-49BB0B6B6076",
          "timestamp": 0
        },
        "Last Login": {
          "href": "",
          "value": "",
          "timestamp": 1555872358
        },
        "User Agent": {
          "href": "",
          "value": "Instagram 64.0.0.14.96 Android (23/6.0.1; 640dpi; 1440x2560; samsung; SM-G935F; hero2lte; samsungexynos8890; en_US; 125398467",
          "timestamp": 0
        }
      }
    },
    {
      "title": "",
      "media_map_data": {
        
      },
      "string_map_data": {
        "Device ID": {
          "href": "",
          "value": "1AA6EEFA-3B9F-49E8-929B-C3052628032A",
          "timestamp": 0
        },
        "Last Login": {
          "href": "",
          "value": "",
          "timestamp": 1542677605
        },
        "User Agent": {
          "href": "",
          "value": "Instagram 72.0.0.20.101 (iPhone9,1; iOS 12_1; en_US; en-US; scale=2.34; gamut=wide; 750x1331; 131642248) AppleWebKit/420+",
          "timestamp": 0
        }
      }
    }
  ]
}