{
  "likes_comment_likes": [
    {
      "title": "negriodianbeast",
      "media_list_data": [
        
      ],
      "string_list_data": [
        {
          "href": "https://www.instagram.com/reel/CVPqDsxFgRo/",
          "value": "\u00f0\u009f\u0091\u008d",
          "timestamp": 1635577025
        }
      ]
    },
    {
      "title": "hasanah_nurul93",
      "media_list_data": [
        
      ],
      "string_list_data": [
        {
          "href": "https://www.instagram.com/reel/CVPqDsxFgRo/",
          "value": "\u00f0\u009f\u0091\u008d",
          "timestamp": 1635577023
        }
      ]
    },
    {
      "title": "twogeet.o",
      "media_list_data": [
        
      ],
      "string_list_data": [
        {
          "href": "https://www.instagram.com/reel/CVPqDsxFgRo/",
          "value": "\u00f0\u009f\u0091\u008d",
          "timestamp": 1635577020
        }
      ]
    },
    {
      "title": "padhiusha",
      "media_list_data": [
        
      ],
      "string_list_data": [
        {
          "href": "https://www.instagram.com/reel/CVHRx_hgTcU/",
          "value": "\u00f0\u009f\u0091\u008d",
          "timestamp": 1635576867
        }
      ]
    },
    {
      "title": "_l_am_ssj",
      "media_list_data": [
        
      ],
      "string_list_data": [
        {
          "href": "https://www.instagram.com/reel/CVHRx_hgTcU/",
          "value": "\u00f0\u009f\u0091\u008d",
          "timestamp": 1635576864
        }
      ]
    },
    {
      "title": "rriikkiittoottii",
      "media_list_data": [
        
      ],
      "string_list_data": [
        {
          "href": "https://www.instagram.com/reel/CUXv9UWj3r3/",
          "value": "\u00f0\u009f\u0091\u008d",
          "timestamp": 1633899808
        }
      ]
    },
    {
      "title": "konomidrawz",
      "media_list_data": [
        
      ],
      "string_list_data": [
        {
          "href": "https://www.instagram.com/p/CSK2yTtpNNn/",
          "value": "\u00f0\u009f\u0091\u008d",
          "timestamp": 1628132149
        }
      ]
    },
    {
      "title": "__maryem__m",
      "media_list_data": [
        
      ],
      "string_list_data": [
        {
          "href": "https://www.instagram.com/p/CSK2yTtpNNn/",
          "value": "\u00f0\u009f\u0091\u008d",
          "timestamp": 1628132142
        }
      ]
    },
    {
      "title": "taviano21",
      "media_list_data": [
        
      ],
      "string_list_data": [
        {
          "href": "https://www.instagram.com/p/CSK2yTtpNNn/",
          "value": "\u00f0\u009f\u0091\u008d",
          "timestamp": 1628132135
        }
      ]
    },
    {
      "title": "therealgabe_m",
      "media_list_data": [
        
      ],
      "string_list_data": [
        {
          "href": "https://www.instagram.com/reel/CRNVPo-j9er/",
          "value": "\u00f0\u009f\u0091\u008d",
          "timestamp": 1626286006
        }
      ]
    },
    {
      "title": "mari3.nycol3",
      "media_list_data": [
        
      ],
      "string_list_data": [
        {
          "href": "https://www.instagram.com/reel/CRNVPo-j9er/",
          "value": "\u00f0\u009f\u0091\u008d",
          "timestamp": 1626286003
        }
      ]
    },
    {
      "title": "sarda_kushal",
      "media_list_data": [
        
      ],
      "string_list_data": [
        {
          "href": "https://www.instagram.com/reel/CQO1MUHHzkA/",
          "value": "\u00f0\u009f\u0091\u008d",
          "timestamp": 1626196886
        }
      ]
    },
    {
      "title": "presl3y",
      "media_list_data": [
        
      ],
      "string_list_data": [
        {
          "href": "https://www.instagram.com/p/CQwIsFiFtpN/",
          "value": "\u00f0\u009f\u0091\u008d",
          "timestamp": 1625096931
        }
      ]
    },
    {
      "title": "takenfreedom",
      "media_list_data": [
        
      ],
      "string_list_data": [
        {
          "href": "https://www.instagram.com/p/CQwIsFiFtpN/",
          "value": "\u00f0\u009f\u0091\u008d",
          "timestamp": 1625096916
        }
      ]
    },
    {
      "title": "old_pnzunova",
      "media_list_data": [
        
      ],
      "string_list_data": [
        {
          "href": "https://www.instagram.com/reel/CQAQlZLHtVe/",
          "value": "\u00f0\u009f\u0091\u008d",
          "timestamp": 1623817836
        }
      ]
    },
    {
      "title": "pxstelcvm",
      "media_list_data": [
        
      ],
      "string_list_data": [
        {
          "href": "https://www.instagram.com/reel/COvSF6OFWvg/",
          "value": "\u00f0\u009f\u0091\u008d",
          "timestamp": 1621055000
        }
      ]
    },
    {
      "title": "lord_of_kings797",
      "media_list_data": [
        
      ],
      "string_list_data": [
        {
          "href": "https://www.instagram.com/reel/COvSF6OFWvg/",
          "value": "\u00f0\u009f\u0091\u008d",
          "timestamp": 1621054998
        }
      ]
    },
    {
      "title": "tom_likes_bread",
      "media_list_data": [
        
      ],
      "string_list_data": [
        {
          "href": "https://www.instagram.com/p/COFsGA6DhRz/",
          "value": "\u00f0\u009f\u0091\u008d",
          "timestamp": 1619934456
        }
      ]
    },
    {
      "title": "uolred",
      "media_list_data": [
        
      ],
      "string_list_data": [
        {
          "href": "https://www.instagram.com/p/COFsGA6DhRz/",
          "value": "\u00f0\u009f\u0091\u008d",
          "timestamp": 1619934436
        }
      ]
    },
    {
      "title": "fialho_luka",
      "media_list_data": [
        
      ],
      "string_list_data": [
        {
          "href": "https://www.instagram.com/p/COFsGA6DhRz/",
          "value": "\u00f0\u009f\u0091\u008d",
          "timestamp": 1619934430
        }
      ]
    },
    {
      "title": "sebastianhulten_",
      "media_list_data": [
        
      ],
      "string_list_data": [
        {
          "href": "https://www.instagram.com/p/COFsGA6DhRz/",
          "value": "\u00f0\u009f\u0091\u008d",
          "timestamp": 1619934430
        }
      ]
    },
    {
      "title": "phantom_starburst",
      "media_list_data": [
        
      ],
      "string_list_data": [
        {
          "href": "https://www.instagram.com/p/COFsGA6DhRz/",
          "value": "\u00f0\u009f\u0091\u008d",
          "timestamp": 1619934422
        }
      ]
    },
    {
      "title": "it_is_mohamed03",
      "media_list_data": [
        
      ],
      "string_list_data": [
        {
          "href": "https://www.instagram.com/p/COFsGA6DhRz/",
          "value": "\u00f0\u009f\u0091\u008d",
          "timestamp": 1619934420
        }
      ]
    },
    {
      "title": "byti_soli",
      "media_list_data": [
        
      ],
      "string_list_data": [
        {
          "href": "https://www.instagram.com/p/COFsGA6DhRz/",
          "value": "\u00f0\u009f\u0091\u008d",
          "timestamp": 1619934420
        }
      ]
    },
    {
      "title": "elias_geragas",
      "media_list_data": [
        
      ],
      "string_list_data": [
        {
          "href": "https://www.instagram.com/p/COEe7s2jO4H/",
          "value": "\u00f0\u009f\u0091\u008d",
          "timestamp": 1619473287
        }
      ]
    },
    {
      "title": "luke_s2001",
      "media_list_data": [
        
      ],
      "string_list_data": [
        {
          "href": "https://www.instagram.com/p/COEe7s2jO4H/",
          "value": "\u00f0\u009f\u0091\u008d",
          "timestamp": 1619473285
        }
      ]
    },
    {
      "title": "porter_puppers",
      "media_list_data": [
        
      ],
      "string_list_data": [
        {
          "href": "https://www.instagram.com/p/CN7qXvTFYZi/",
          "value": "\u00f0\u009f\u0091\u008d",
          "timestamp": 1619070652
        }
      ]
    },
    {
      "title": "irfnghaz",
      "media_list_data": [
        
      ],
      "string_list_data": [
        {
          "href": "https://www.instagram.com/p/CJxTTkIDhg1/",
          "value": "\u00f0\u009f\u0091\u008d",
          "timestamp": 1610174162
        }
      ]
    },
    {
      "title": "david_kercso",
      "media_list_data": [
        
      ],
      "string_list_data": [
        {
          "href": "https://www.instagram.com/p/CJxTTkIDhg1/",
          "value": "\u00f0\u009f\u0091\u008d",
          "timestamp": 1610174158
        }
      ]
    },
    {
      "title": "kat_monty_",
      "media_list_data": [
        
      ],
      "string_list_data": [
        {
          "href": "https://www.instagram.com/p/CJxTTkIDhg1/",
          "value": "\u00f0\u009f\u0091\u008d",
          "timestamp": 1610174154
        }
      ]
    },
    {
      "title": "jose_prado_10",
      "media_list_data": [
        
      ],
      "string_list_data": [
        {
          "href": "https://www.instagram.com/p/CJxTTkIDhg1/",
          "value": "\u00f0\u009f\u0091\u008d",
          "timestamp": 1610174145
        }
      ]
    },
    {
      "title": "_drewmarks",
      "media_list_data": [
        
      ],
      "string_list_data": [
        {
          "href": "https://www.instagram.com/p/CJxTTkIDhg1/",
          "value": "\u00f0\u009f\u0091\u008d",
          "timestamp": 1610174140
        }
      ]
    },
    {
      "title": "sirenoftitan",
      "media_list_data": [
        
      ],
      "string_list_data": [
        {
          "href": "https://www.instagram.com/reel/ChKymKXgyas/",
          "value": "\u00f0\u009f\u0091\u008d",
          "timestamp": 1662174787
        }
      ]
    },
    {
      "title": "x.o.hazel",
      "media_list_data": [
        
      ],
      "string_list_data": [
        {
          "href": "https://www.instagram.com/reel/ChwF6ZaDjrE/",
          "value": "\u00f0\u009f\u0091\u008d",
          "timestamp": 1662174682
        }
      ]
    },
    {
      "title": "stamsies",
      "media_list_data": [
        
      ],
      "string_list_data": [
        {
          "href": "https://www.instagram.com/reel/ChwF6ZaDjrE/",
          "value": "\u00f0\u009f\u0091\u008d",
          "timestamp": 1662174681
        }
      ]
    },
    {
      "title": "crabdancer64",
      "media_list_data": [
        
      ],
      "string_list_data": [
        {
          "href": "https://www.instagram.com/reel/ChwF6ZaDjrE/",
          "value": "\u00f0\u009f\u0091\u008d",
          "timestamp": 1662174677
        }
      ]
    },
    {
      "title": "the_neeraj_gupta",
      "media_list_data": [
        
      ],
      "string_list_data": [
        {
          "href": "https://www.instagram.com/reel/ChqM6mBDgk1/",
          "value": "\u00f0\u009f\u0091\u008d",
          "timestamp": 1661842523
        }
      ]
    },
    {
      "title": "jaslikeart",
      "media_list_data": [
        
      ],
      "string_list_data": [
        {
          "href": "https://www.instagram.com/p/ChoFGA7o3nO/",
          "value": "\u00f0\u009f\u0091\u008d",
          "timestamp": 1661718456
        }
      ]
    },
    {
      "title": "andreas_granqvist",
      "media_list_data": [
        
      ],
      "string_list_data": [
        {
          "href": "https://www.instagram.com/reel/ChZ4gmKpJXW/",
          "value": "\u00f0\u009f\u0091\u008d",
          "timestamp": 1661495140
        }
      ]
    },
    {
      "title": "glebletta",
      "media_list_data": [
        
      ],
      "string_list_data": [
        {
          "href": "https://www.instagram.com/reel/ChZ4gmKpJXW/",
          "value": "\u00f0\u009f\u0091\u008d",
          "timestamp": 1661495137
        }
      ]
    },
    {
      "title": "freyasmilk",
      "media_list_data": [
        
      ],
      "string_list_data": [
        {
          "href": "https://www.instagram.com/reel/ChIHSLIJL7X/",
          "value": "\u00f0\u009f\u0091\u008d",
          "timestamp": 1661292601
        }
      ]
    },
    {
      "title": "joeyjurdak",
      "media_list_data": [
        
      ],
      "string_list_data": [
        {
          "href": "https://www.instagram.com/reel/ChOYmRwI7ne/",
          "value": "\u00f0\u009f\u0091\u008d",
          "timestamp": 1661291294
        }
      ]
    },
    {
      "title": "daifukou",
      "media_list_data": [
        
      ],
      "string_list_data": [
        {
          "href": "https://www.instagram.com/reel/Cg14hjAlMf-/",
          "value": "\u00f0\u009f\u0091\u008d",
          "timestamp": 1661143110
        }
      ]
    },
    {
      "title": "nana_webman",
      "media_list_data": [
        
      ],
      "string_list_data": [
        {
          "href": "https://www.instagram.com/reel/Cg14hjAlMf-/",
          "value": "\u00f0\u009f\u0091\u008d",
          "timestamp": 1661143110
        }
      ]
    },
    {
      "title": "cold.mommy",
      "media_list_data": [
        
      ],
      "string_list_data": [
        {
          "href": "https://www.instagram.com/reel/Cg14hjAlMf-/",
          "value": "\u00f0\u009f\u0091\u008d",
          "timestamp": 1661143105
        }
      ]
    },
    {
      "title": "daifukou",
      "media_list_data": [
        
      ],
      "string_list_data": [
        {
          "href": "https://www.instagram.com/reel/Cg14hjAlMf-/",
          "value": "\u00f0\u009f\u0091\u008d",
          "timestamp": 1661143102
        }
      ]
    },
    {
      "title": "cold.mommy",
      "media_list_data": [
        
      ],
      "string_list_data": [
        {
          "href": "https://www.instagram.com/reel/Cg14hjAlMf-/",
          "value": "\u00f0\u009f\u0091\u008d",
          "timestamp": 1661143101
        }
      ]
    },
    {
      "title": "daifukou",
      "media_list_data": [
        
      ],
      "string_list_data": [
        {
          "href": "https://www.instagram.com/reel/Cg14hjAlMf-/",
          "value": "\u00f0\u009f\u0091\u008d",
          "timestamp": 1661143098
        }
      ]
    },
    {
      "title": "jmario_pe",
      "media_list_data": [
        
      ],
      "string_list_data": [
        {
          "href": "https://www.instagram.com/reel/ChhWtNXIrep/",
          "value": "\u00f0\u009f\u0091\u008d",
          "timestamp": 1661142666
        }
      ]
    },
    {
      "title": "mikkel_lau_larsen",
      "media_list_data": [
        
      ],
      "string_list_data": [
        {
          "href": "https://www.instagram.com/reel/CeGh-bKOmd7/",
          "value": "\u00f0\u009f\u0091\u008d",
          "timestamp": 1660864598
        }
      ]
    },
    {
      "title": "jay_120mph",
      "media_list_data": [
        
      ],
      "string_list_data": [
        {
          "href": "https://www.instagram.com/reel/CeGh-bKOmd7/",
          "value": "\u00f0\u009f\u0091\u008d",
          "timestamp": 1660864597
        }
      ]
    },
    {
      "title": "joooouugan",
      "media_list_data": [
        
      ],
      "string_list_data": [
        {
          "href": "https://www.instagram.com/p/ChP8rb4FEiK/",
          "value": "\u00f0\u009f\u0091\u008d",
          "timestamp": 1660615527
        }
      ]
    },
    {
      "title": "tomohawk73",
      "media_list_data": [
        
      ],
      "string_list_data": [
        {
          "href": "https://www.instagram.com/p/Cg1qaU6ovsU/",
          "value": "\u00f0\u009f\u0091\u008d",
          "timestamp": 1660164553
        }
      ]
    },
    {
      "title": "rodders009",
      "media_list_data": [
        
      ],
      "string_list_data": [
        {
          "href": "https://www.instagram.com/reel/CgkA_yyF1i-/",
          "value": "\u00f0\u009f\u0091\u008d",
          "timestamp": 1659936276
        }
      ]
    },
    {
      "title": "frostyshakes49_to_lucifer666",
      "media_list_data": [
        
      ],
      "string_list_data": [
        {
          "href": "https://www.instagram.com/reel/CgM7m2tpfFH/",
          "value": "\u00f0\u009f\u0091\u008d",
          "timestamp": 1659479069
        }
      ]
    },
    {
      "title": "krunchy.karim",
      "media_list_data": [
        
      ],
      "string_list_data": [
        {
          "href": "https://www.instagram.com/reel/CgM7m2tpfFH/",
          "value": "\u00f0\u009f\u0091\u008d",
          "timestamp": 1659479068
        }
      ]
    },
    {
      "title": "saadmughlii",
      "media_list_data": [
        
      ],
      "string_list_data": [
        {
          "href": "https://www.instagram.com/reel/CgM7m2tpfFH/",
          "value": "\u00f0\u009f\u0091\u008d",
          "timestamp": 1659479066
        }
      ]
    },
    {
      "title": "pjsilveira9",
      "media_list_data": [
        
      ],
      "string_list_data": [
        {
          "href": "https://www.instagram.com/reel/CgM7m2tpfFH/",
          "value": "\u00f0\u009f\u0091\u008d",
          "timestamp": 1659479059
        }
      ]
    },
    {
      "title": "star_.gaze",
      "media_list_data": [
        
      ],
      "string_list_data": [
        {
          "href": "https://www.instagram.com/reel/CgUD-PFMvMW/",
          "value": "\u00f0\u009f\u0091\u008d",
          "timestamp": 1659413125
        }
      ]
    },
    {
      "title": "dnoize661",
      "media_list_data": [
        
      ],
      "string_list_data": [
        {
          "href": "https://www.instagram.com/reel/CgUD-PFMvMW/",
          "value": "\u00f0\u009f\u0091\u008d",
          "timestamp": 1659413124
        }
      ]
    },
    {
      "title": "diya28_",
      "media_list_data": [
        
      ],
      "string_list_data": [
        {
          "href": "https://www.instagram.com/reel/CgUD-PFMvMW/",
          "value": "\u00f0\u009f\u0091\u008d",
          "timestamp": 1659413122
        }
      ]
    },
    {
      "title": "king_jr",
      "media_list_data": [
        
      ],
      "string_list_data": [
        {
          "href": "https://www.instagram.com/reel/Cgj_PBHDqhY/",
          "value": "\u00f0\u009f\u0091\u008d",
          "timestamp": 1659219684
        }
      ]
    },
    {
      "title": "traphouse",
      "media_list_data": [
        
      ],
      "string_list_data": [
        {
          "href": "https://www.instagram.com/reel/Cgj_PBHDqhY/",
          "value": "\u00f0\u009f\u0091\u008d",
          "timestamp": 1659219683
        }
      ]
    },
    {
      "title": "babyfacekillah91",
      "media_list_data": [
        
      ],
      "string_list_data": [
        {
          "href": "https://www.instagram.com/reel/Cgj_PBHDqhY/",
          "value": "\u00f0\u009f\u0091\u008d",
          "timestamp": 1659219682
        }
      ]
    },
    {
      "title": "weebs_14",
      "media_list_data": [
        
      ],
      "string_list_data": [
        {
          "href": "https://www.instagram.com/reel/CgRhsIPj7z8/",
          "value": "\u00f0\u009f\u0091\u008d",
          "timestamp": 1659160410
        }
      ]
    },
    {
      "title": "lakshya__129",
      "media_list_data": [
        
      ],
      "string_list_data": [
        {
          "href": "https://www.instagram.com/reel/CgRhsIPj7z8/",
          "value": "\u00f0\u009f\u0091\u008d",
          "timestamp": 1659160407
        }
      ]
    },
    {
      "title": "bushrooment",
      "media_list_data": [
        
      ],
      "string_list_data": [
        {
          "href": "https://www.instagram.com/reel/Cf3R759BcJa/",
          "value": "\u00f0\u009f\u0091\u008d",
          "timestamp": 1659160213
        }
      ]
    },
    {
      "title": "merigoroundlynn",
      "media_list_data": [
        
      ],
      "string_list_data": [
        {
          "href": "https://www.instagram.com/reel/CfzGnp7uP23/",
          "value": "\u00f0\u009f\u0091\u008d",
          "timestamp": 1659148832
        }
      ]
    },
    {
      "title": "anshu.joshi_",
      "media_list_data": [
        
      ],
      "string_list_data": [
        {
          "href": "https://www.instagram.com/reel/CgKSMzypa-m/",
          "value": "\u00f0\u009f\u0091\u008d",
          "timestamp": 1658941938
        }
      ]
    },
    {
      "title": "connorvig",
      "media_list_data": [
        
      ],
      "string_list_data": [
        {
          "href": "https://www.instagram.com/reel/CgDVvP-jtpT/",
          "value": "\u00f0\u009f\u0091\u008d",
          "timestamp": 1658639021
        }
      ]
    },
    {
      "title": "marina_period",
      "media_list_data": [
        
      ],
      "string_list_data": [
        {
          "href": "https://www.instagram.com/reel/CgDVvP-jtpT/",
          "value": "\u00f0\u009f\u0091\u008d",
          "timestamp": 1658639019
        }
      ]
    },
    {
      "title": "lovetagxoxo",
      "media_list_data": [
        
      ],
      "string_list_data": [
        {
          "href": "https://www.instagram.com/reel/CgJMUXLqezD/",
          "value": "\u00f0\u009f\u0091\u008d",
          "timestamp": 1658638912
        }
      ]
    },
    {
      "title": "arnaudmo_",
      "media_list_data": [
        
      ],
      "string_list_data": [
        {
          "href": "https://www.instagram.com/reel/CeXOoNLgAaV/",
          "value": "\u00f0\u009f\u0091\u008d",
          "timestamp": 1658638724
        }
      ]
    },
    {
      "title": "nh_4_l",
      "media_list_data": [
        
      ],
      "string_list_data": [
        {
          "href": "https://www.instagram.com/reel/CfZR_ABgVqK/",
          "value": "\u00f0\u009f\u0091\u008d",
          "timestamp": 1658378025
        }
      ]
    },
    {
      "title": "a1pha3388_xbox",
      "media_list_data": [
        
      ],
      "string_list_data": [
        {
          "href": "https://www.instagram.com/reel/CfkDCYmjx9v/",
          "value": "\u00f0\u009f\u0091\u008d",
          "timestamp": 1658307750
        }
      ]
    },
    {
      "title": "frontgunner3549",
      "media_list_data": [
        
      ],
      "string_list_data": [
        {
          "href": "https://www.instagram.com/reel/CdGtkKFAHU4/",
          "value": "\u00f0\u009f\u0091\u008d",
          "timestamp": 1658307152
        }
      ]
    },
    {
      "title": "mmatuszewski09",
      "media_list_data": [
        
      ],
      "string_list_data": [
        {
          "href": "https://www.instagram.com/p/CfGQKtapB8r/",
          "value": "\u00f0\u009f\u0091\u008d",
          "timestamp": 1658305371
        }
      ]
    },
    {
      "title": "seymo_berlin",
      "media_list_data": [
        
      ],
      "string_list_data": [
        {
          "href": "https://www.instagram.com/reel/CfBrunJF3fJ/",
          "value": "\u00f0\u009f\u0091\u008d",
          "timestamp": 1657160030
        }
      ]
    },
    {
      "title": "_.kashvi.___",
      "media_list_data": [
        
      ],
      "string_list_data": [
        {
          "href": "https://www.instagram.com/p/CfT7qQto8m8/",
          "value": "\u00f0\u009f\u0091\u008d",
          "timestamp": 1657083772
        }
      ]
    },
    {
      "title": "declan_parnell14",
      "media_list_data": [
        
      ],
      "string_list_data": [
        {
          "href": "https://www.instagram.com/reel/Ce9HfN7v9zM/",
          "value": "\u00f0\u009f\u0091\u008d",
          "timestamp": 1656576539
        }
      ]
    },
    {
      "title": "louis_mrtnz",
      "media_list_data": [
        
      ],
      "string_list_data": [
        {
          "href": "https://www.instagram.com/reel/Ce850H6o2aS/",
          "value": "\u00f0\u009f\u0091\u008d",
          "timestamp": 1656382809
        }
      ]
    },
    {
      "title": "_.priyanshu.__",
      "media_list_data": [
        
      ],
      "string_list_data": [
        {
          "href": "https://www.instagram.com/reel/CezGDbEKjsc/",
          "value": "\u00f0\u009f\u0091\u008d",
          "timestamp": 1656046308
        }
      ]
    },
    {
      "title": "_arnavsinghmalik",
      "media_list_data": [
        
      ],
      "string_list_data": [
        {
          "href": "https://www.instagram.com/reel/CezGDbEKjsc/",
          "value": "\u00f0\u009f\u0091\u008d",
          "timestamp": 1656046308
        }
      ]
    },
    {
      "title": "roadkilljoe_33",
      "media_list_data": [
        
      ],
      "string_list_data": [
        {
          "href": "https://www.instagram.com/reel/Ce8jrYulvo8/",
          "value": "\u00f0\u009f\u0091\u008d",
          "timestamp": 1656046097
        }
      ]
    },
    {
      "title": "vapy_vaporeon",
      "media_list_data": [
        
      ],
      "string_list_data": [
        {
          "href": "https://www.instagram.com/reel/Ceq2uE0IUnq/",
          "value": "\u00f0\u009f\u0091\u008d",
          "timestamp": 1656046079
        }
      ]
    },
    {
      "title": "tired_eye_",
      "media_list_data": [
        
      ],
      "string_list_data": [
        {
          "href": "https://www.instagram.com/reel/Ceb_EWhooND/",
          "value": "\u00f0\u009f\u0091\u008d",
          "timestamp": 1655884788
        }
      ]
    },
    {
      "title": "dennisyao7",
      "media_list_data": [
        
      ],
      "string_list_data": [
        {
          "href": "https://www.instagram.com/reel/Ceb_EWhooND/",
          "value": "\u00f0\u009f\u0091\u008d",
          "timestamp": 1655884787
        }
      ]
    },
    {
      "title": "wastedrabbit69",
      "media_list_data": [
        
      ],
      "string_list_data": [
        {
          "href": "https://www.instagram.com/reel/CeXJHfsgYlB/",
          "value": "\u00f0\u009f\u0091\u008d",
          "timestamp": 1655844791
        }
      ]
    },
    {
      "title": "nujnujkun",
      "media_list_data": [
        
      ],
      "string_list_data": [
        {
          "href": "https://www.instagram.com/reel/CdmbWHmgUZa/",
          "value": "\u00f0\u009f\u0091\u008d",
          "timestamp": 1655787492
        }
      ]
    },
    {
      "title": "rafael.agus.tin",
      "media_list_data": [
        
      ],
      "string_list_data": [
        {
          "href": "https://www.instagram.com/reel/CdmbWHmgUZa/",
          "value": "\u00f0\u009f\u0091\u008d",
          "timestamp": 1655787490
        }
      ]
    },
    {
      "title": "a_ddeenn",
      "media_list_data": [
        
      ],
      "string_list_data": [
        {
          "href": "https://www.instagram.com/reel/CdmbWHmgUZa/",
          "value": "\u00f0\u009f\u0091\u008d",
          "timestamp": 1655787488
        }
      ]
    },
    {
      "title": "spookycload",
      "media_list_data": [
        
      ],
      "string_list_data": [
        {
          "href": "https://www.instagram.com/reel/CeQ65xxAmF_/",
          "value": "\u00f0\u009f\u0091\u008d",
          "timestamp": 1655612175
        }
      ]
    },
    {
      "title": "krkcbora",
      "media_list_data": [
        
      ],
      "string_list_data": [
        {
          "href": "https://www.instagram.com/reel/CeTsFAtFl0v/",
          "value": "\u00f0\u009f\u0091\u008d",
          "timestamp": 1655612032
        }
      ]
    },
    {
      "title": "livenaturallea",
      "media_list_data": [
        
      ],
      "string_list_data": [
        {
          "href": "https://www.instagram.com/reel/CeewkY-NhJc/",
          "value": "\u00f0\u009f\u0091\u008d",
          "timestamp": 1655412168
        }
      ]
    },
    {
      "title": "dedicaceauprofesseur",
      "media_list_data": [
        
      ],
      "string_list_data": [
        {
          "href": "https://www.instagram.com/p/CeUdxu2spOS/",
          "value": "\u00f0\u009f\u0091\u008d",
          "timestamp": 1655350343
        }
      ]
    },
    {
      "title": "_rigsel_",
      "media_list_data": [
        
      ],
      "string_list_data": [
        {
          "href": "https://www.instagram.com/p/CeUdxu2spOS/",
          "value": "\u00f0\u009f\u0091\u008d",
          "timestamp": 1655350329
        }
      ]
    },
    {
      "title": "linu.aguinaganoain",
      "media_list_data": [
        
      ],
      "string_list_data": [
        {
          "href": "https://www.instagram.com/p/CeUdxu2spOS/",
          "value": "\u00f0\u009f\u0091\u008d",
          "timestamp": 1655350328
        }
      ]
    },
    {
      "title": "harajuku_starpower",
      "media_list_data": [
        
      ],
      "string_list_data": [
        {
          "href": "https://www.instagram.com/p/CeUdxu2spOS/",
          "value": "\u00f0\u009f\u0091\u008d",
          "timestamp": 1655350322
        }
      ]
    },
    {
      "title": "amirot.1",
      "media_list_data": [
        
      ],
      "string_list_data": [
        {
          "href": "https://www.instagram.com/p/CerPsSJLxW1/",
          "value": "\u00f0\u009f\u0091\u008d",
          "timestamp": 1655335724
        }
      ]
    },
    {
      "title": "atheliand",
      "media_list_data": [
        
      ],
      "string_list_data": [
        {
          "href": "https://www.instagram.com/reel/Ce1_PkXlKcZ/",
          "value": "\u00f0\u009f\u0091\u008d",
          "timestamp": 1655335656
        }
      ]
    },
    {
      "title": "sohanshah",
      "media_list_data": [
        
      ],
      "string_list_data": [
        {
          "href": "https://www.instagram.com/reel/Ce1_PkXlKcZ/",
          "value": "\u00f0\u009f\u0091\u008d",
          "timestamp": 1655335651
        }
      ]
    },
    {
      "title": "appleslayer2.0",
      "media_list_data": [
        
      ],
      "string_list_data": [
        {
          "href": "https://www.instagram.com/reel/CeeDxkcqC36/",
          "value": "\u00f0\u009f\u0091\u008d",
          "timestamp": 1655156574
        }
      ]
    },
    {
      "title": "c.fen_",
      "media_list_data": [
        
      ],
      "string_list_data": [
        {
          "href": "https://www.instagram.com/reel/CeRxMDlF3JA/",
          "value": "\u00f0\u009f\u0091\u008d",
          "timestamp": 1655102637
        }
      ]
    },
    {
      "title": "dareyuh",
      "media_list_data": [
        
      ],
      "string_list_data": [
        {
          "href": "https://www.instagram.com/reel/CeYdIkmp0Ru/",
          "value": "\u00f0\u009f\u0091\u008d",
          "timestamp": 1654917424
        }
      ]
    },
    {
      "title": "tabethacalva",
      "media_list_data": [
        
      ],
      "string_list_data": [
        {
          "href": "https://www.instagram.com/reel/CeYdIkmp0Ru/",
          "value": "\u00f0\u009f\u0091\u008d",
          "timestamp": 1654917423
        }
      ]
    },
    {
      "title": "saem.dv",
      "media_list_data": [
        
      ],
      "string_list_data": [
        {
          "href": "https://www.instagram.com/reel/Cej55LujET2/",
          "value": "\u00f0\u009f\u0091\u008d",
          "timestamp": 1654794299
        }
      ]
    },
    {
      "title": "jp.dan__",
      "media_list_data": [
        
      ],
      "string_list_data": [
        {
          "href": "https://www.instagram.com/reel/Cej55LujET2/",
          "value": "\u00f0\u009f\u0091\u008d",
          "timestamp": 1654794298
        }
      ]
    },
    {
      "title": "scottygroundhog",
      "media_list_data": [
        
      ],
      "string_list_data": [
        {
          "href": "https://www.instagram.com/p/CeWe348BSXl/",
          "value": "\u00f0\u009f\u0091\u008d",
          "timestamp": 1654452306
        }
      ]
    },
    {
      "title": "tanauzumaki",
      "media_list_data": [
        
      ],
      "string_list_data": [
        {
          "href": "https://www.instagram.com/p/CeWe348BSXl/",
          "value": "\u00f0\u009f\u0091\u008d",
          "timestamp": 1654452292
        }
      ]
    },
    {
      "title": "hister_dcap",
      "media_list_data": [
        
      ],
      "string_list_data": [
        {
          "href": "https://www.instagram.com/p/Cd-14oWoqk5/",
          "value": "\u00f0\u009f\u0091\u008d",
          "timestamp": 1654318157
        }
      ]
    },
    {
      "title": "theoboyld",
      "media_list_data": [
        
      ],
      "string_list_data": [
        {
          "href": "https://www.instagram.com/p/Cd-14oWoqk5/",
          "value": "\u00f0\u009f\u0091\u008d",
          "timestamp": 1654318150
        }
      ]
    },
    {
      "title": "aryan.vinod.001",
      "media_list_data": [
        
      ],
      "string_list_data": [
        {
          "href": "https://www.instagram.com/p/Cd-14oWoqk5/",
          "value": "\u00f0\u009f\u0091\u008d",
          "timestamp": 1654318146
        }
      ]
    },
    {
      "title": "vaasu_jakhmola_7",
      "media_list_data": [
        
      ],
      "string_list_data": [
        {
          "href": "https://www.instagram.com/p/Cd-14oWoqk5/",
          "value": "\u00f0\u009f\u0091\u008d",
          "timestamp": 1654318142
        }
      ]
    },
    {
      "title": "leighsumie",
      "media_list_data": [
        
      ],
      "string_list_data": [
        {
          "href": "https://www.instagram.com/p/Cd_A3AGoo_V/",
          "value": "\u00f0\u009f\u0091\u008d",
          "timestamp": 1654153987
        }
      ]
    },
    {
      "title": "raini_prg",
      "media_list_data": [
        
      ],
      "string_list_data": [
        {
          "href": "https://www.instagram.com/reel/Cd93O7jJkIy/",
          "value": "\u00f0\u009f\u0091\u008d",
          "timestamp": 1654092744
        }
      ]
    },
    {
      "title": "aadinair_18",
      "media_list_data": [
        
      ],
      "string_list_data": [
        {
          "href": "https://www.instagram.com/reel/Cd93O7jJkIy/",
          "value": "\u00f0\u009f\u0091\u008d",
          "timestamp": 1654092742
        }
      ]
    },
    {
      "title": "to.nie.konto.z.memami.serio",
      "media_list_data": [
        
      ],
      "string_list_data": [
        {
          "href": "https://www.instagram.com/reel/Cd93O7jJkIy/",
          "value": "\u00f0\u009f\u0091\u008d",
          "timestamp": 1654092740
        }
      ]
    },
    {
      "title": "glaskorpen",
      "media_list_data": [
        
      ],
      "string_list_data": [
        {
          "href": "https://www.instagram.com/reel/Cd93O7jJkIy/",
          "value": "\u00f0\u009f\u0091\u008d",
          "timestamp": 1654092737
        }
      ]
    },
    {
      "title": "_karannaik_",
      "media_list_data": [
        
      ],
      "string_list_data": [
        {
          "href": "https://www.instagram.com/reel/Cd93O7jJkIy/",
          "value": "\u00f0\u009f\u0091\u008d",
          "timestamp": 1654092734
        }
      ]
    },
    {
      "title": "doseofmegan",
      "media_list_data": [
        
      ],
      "string_list_data": [
        {
          "href": "https://www.instagram.com/reel/CeOgU-ugAfL/",
          "value": "\u00f0\u009f\u0091\u008d",
          "timestamp": 1654055063
        }
      ]
    },
    {
      "title": "aaron_gamboa02",
      "media_list_data": [
        
      ],
      "string_list_data": [
        {
          "href": "https://www.instagram.com/reel/CeFcxZNIDsS/",
          "value": "\u00f0\u009f\u0091\u008d",
          "timestamp": 1653881573
        }
      ]
    },
    {
      "title": "pakkiao.918",
      "media_list_data": [
        
      ],
      "string_list_data": [
        {
          "href": "https://www.instagram.com/reel/CdlqRYUACVC/",
          "value": "\u00f0\u009f\u0091\u008d",
          "timestamp": 1653688985
        }
      ]
    },
    {
      "title": "l_agman",
      "media_list_data": [
        
      ],
      "string_list_data": [
        {
          "href": "https://www.instagram.com/reel/CdOkIXaJoTp/",
          "value": "\u00f0\u009f\u0091\u008d",
          "timestamp": 1653687105
        }
      ]
    },
    {
      "title": "dylant33333333",
      "media_list_data": [
        
      ],
      "string_list_data": [
        {
          "href": "https://www.instagram.com/reel/Cdu3y4_geqf/",
          "value": "\u00f0\u009f\u0091\u008d",
          "timestamp": 1653684732
        }
      ]
    },
    {
      "title": "srt.xox",
      "media_list_data": [
        
      ],
      "string_list_data": [
        {
          "href": "https://www.instagram.com/reel/Cdu3y4_geqf/",
          "value": "\u00f0\u009f\u0091\u008d",
          "timestamp": 1653684729
        }
      ]
    },
    {
      "title": "a1add3n",
      "media_list_data": [
        
      ],
      "string_list_data": [
        {
          "href": "https://www.instagram.com/reel/CdJSrInJOZ8/",
          "value": "\u00f0\u009f\u0091\u008d",
          "timestamp": 1653684372
        }
      ]
    },
    {
      "title": "floozyfoot.bananapants",
      "media_list_data": [
        
      ],
      "string_list_data": [
        {
          "href": "https://www.instagram.com/reel/CbqCn7PIdGN/",
          "value": "\u00f0\u009f\u0091\u008d",
          "timestamp": 1653679450
        }
      ]
    },
    {
      "title": "thelonegyptian",
      "media_list_data": [
        
      ],
      "string_list_data": [
        {
          "href": "https://www.instagram.com/reel/Cav5DODgxV4/",
          "value": "\u00f0\u009f\u0091\u008d",
          "timestamp": 1653252871
        }
      ]
    },
    {
      "title": "ayokunleayoko",
      "media_list_data": [
        
      ],
      "string_list_data": [
        {
          "href": "https://www.instagram.com/reel/CdkvHo-l5Qj/",
          "value": "\u00f0\u009f\u0091\u008d",
          "timestamp": 1653252215
        }
      ]
    },
    {
      "title": "salfordsm725",
      "media_list_data": [
        
      ],
      "string_list_data": [
        {
          "href": "https://www.instagram.com/reel/CcvychiAPDO/",
          "value": "\u00f0\u009f\u0091\u008d",
          "timestamp": 1653211585
        }
      ]
    },
    {
      "title": "jawdropperochdi",
      "media_list_data": [
        
      ],
      "string_list_data": [
        {
          "href": "https://www.instagram.com/reel/Cdoidz_gae9/",
          "value": "\u00f0\u009f\u0091\u008d",
          "timestamp": 1653181554
        }
      ]
    },
    {
      "title": "simpley.yogi",
      "media_list_data": [
        
      ],
      "string_list_data": [
        {
          "href": "https://www.instagram.com/reel/CczCzqUjs5F/",
          "value": "\u00f0\u009f\u0091\u008d",
          "timestamp": 1653181385
        }
      ]
    },
    {
      "title": "benjaminnacho",
      "media_list_data": [
        
      ],
      "string_list_data": [
        {
          "href": "https://www.instagram.com/reel/CdNYrCMjasJ/",
          "value": "\u00f0\u009f\u0091\u008d",
          "timestamp": 1652925879
        }
      ]
    },
    {
      "title": "shubham_dec1",
      "media_list_data": [
        
      ],
      "string_list_data": [
        {
          "href": "https://www.instagram.com/reel/CcDhPYTDGtp/",
          "value": "\u00f0\u009f\u0091\u008d",
          "timestamp": 1652764254
        }
      ]
    },
    {
      "title": "navneet_nair30",
      "media_list_data": [
        
      ],
      "string_list_data": [
        {
          "href": "https://www.instagram.com/reel/CcDhPYTDGtp/",
          "value": "\u00f0\u009f\u0091\u008d",
          "timestamp": 1652764253
        }
      ]
    },
    {
      "title": "seigansnomore",
      "media_list_data": [
        
      ],
      "string_list_data": [
        {
          "href": "https://www.instagram.com/reel/CcDhPYTDGtp/",
          "value": "\u00f0\u009f\u0091\u008d",
          "timestamp": 1652764252
        }
      ]
    },
    {
      "title": "_ajmainmahin_",
      "media_list_data": [
        
      ],
      "string_list_data": [
        {
          "href": "https://www.instagram.com/reel/Ccrj3J6F2BG/",
          "value": "\u00f0\u009f\u0091\u008d",
          "timestamp": 1652764196
        }
      ]
    },
    {
      "title": "serengirl",
      "media_list_data": [
        
      ],
      "string_list_data": [
        {
          "href": "https://www.instagram.com/reel/Cc6YAyugRvl/",
          "value": "\u00f0\u009f\u0091\u008d",
          "timestamp": 1652661419
        }
      ]
    },
    {
      "title": "callsign_martines",
      "media_list_data": [
        
      ],
      "string_list_data": [
        {
          "href": "https://www.instagram.com/reel/CdT7lpeIId5/",
          "value": "\u00f0\u009f\u0091\u008d",
          "timestamp": 1652335652
        }
      ]
    },
    {
      "title": "arc_reactor2",
      "media_list_data": [
        
      ],
      "string_list_data": [
        {
          "href": "https://www.instagram.com/reel/CdLuB1nl96f/",
          "value": "\u00f0\u009f\u0091\u008d",
          "timestamp": 1652335387
        }
      ]
    },
    {
      "title": "organo_blue",
      "media_list_data": [
        
      ],
      "string_list_data": [
        {
          "href": "https://www.instagram.com/reel/CcgiwlJgjKL/",
          "value": "\u00f0\u009f\u0091\u008d",
          "timestamp": 1651727104
        }
      ]
    },
    {
      "title": "kabooom_crash",
      "media_list_data": [
        
      ],
      "string_list_data": [
        {
          "href": "https://www.instagram.com/reel/CcrkhpBFQj7/",
          "value": "\u00f0\u009f\u0091\u008d",
          "timestamp": 1651382673
        }
      ]
    },
    {
      "title": "bigzuberman",
      "media_list_data": [
        
      ],
      "string_list_data": [
        {
          "href": "https://www.instagram.com/p/CczVkzrLUKc/",
          "value": "\u00f0\u009f\u0091\u008d",
          "timestamp": 1650984856
        }
      ]
    },
    {
      "title": "werewolfoatmeal",
      "media_list_data": [
        
      ],
      "string_list_data": [
        {
          "href": "https://www.instagram.com/reel/CbzQ6zwJXLW/",
          "value": "\u00f0\u009f\u0091\u008d",
          "timestamp": 1650767216
        }
      ]
    },
    {
      "title": "skipp.ig",
      "media_list_data": [
        
      ],
      "string_list_data": [
        {
          "href": "https://www.instagram.com/reel/Cb2sKHnjnLt/",
          "value": "\u00f0\u009f\u0091\u008d",
          "timestamp": 1650661968
        }
      ]
    },
    {
      "title": "genilia42",
      "media_list_data": [
        
      ],
      "string_list_data": [
        {
          "href": "https://www.instagram.com/reel/Cb-l2_SAYRC/",
          "value": "\u00f0\u009f\u0091\u008d",
          "timestamp": 1650661515
        }
      ]
    },
    {
      "title": "dori.bejko_",
      "media_list_data": [
        
      ],
      "string_list_data": [
        {
          "href": "https://www.instagram.com/reel/CaNDAp-PyB6/",
          "value": "\u00f0\u009f\u0091\u008d",
          "timestamp": 1650661422
        }
      ]
    },
    {
      "title": "arthur.lcndec",
      "media_list_data": [
        
      ],
      "string_list_data": [
        {
          "href": "https://www.instagram.com/reel/CcVBzraFgAl/",
          "value": "\u00f0\u009f\u0091\u008d",
          "timestamp": 1650661047
        }
      ]
    },
    {
      "title": "tarzinald",
      "media_list_data": [
        
      ],
      "string_list_data": [
        {
          "href": "https://www.instagram.com/reel/CcVBzraFgAl/",
          "value": "\u00f0\u009f\u0091\u008d",
          "timestamp": 1650661046
        }
      ]
    },
    {
      "title": "haikal.irfn",
      "media_list_data": [
        
      ],
      "string_list_data": [
        {
          "href": "https://www.instagram.com/reel/CcVBzraFgAl/",
          "value": "\u00f0\u009f\u0091\u008d",
          "timestamp": 1650661045
        }
      ]
    },
    {
      "title": "chloe.ford14",
      "media_list_data": [
        
      ],
      "string_list_data": [
        {
          "href": "https://www.instagram.com/reel/CcQD5w7Ja5p/",
          "value": "\u00f0\u009f\u0091\u008d",
          "timestamp": 1650487997
        }
      ]
    },
    {
      "title": "seanparkeradventures",
      "media_list_data": [
        
      ],
      "string_list_data": [
        {
          "href": "https://www.instagram.com/reel/CcQD5w7Ja5p/",
          "value": "\u00f0\u009f\u0091\u008d",
          "timestamp": 1650487995
        }
      ]
    },
    {
      "title": "mansidak07",
      "media_list_data": [
        
      ],
      "string_list_data": [
        {
          "href": "https://www.instagram.com/reel/CbNMiQ5JQf1/",
          "value": "\u00f0\u009f\u0091\u008d",
          "timestamp": 1650405449
        }
      ]
    },
    {
      "title": "yagostro",
      "media_list_data": [
        
      ],
      "string_list_data": [
        {
          "href": "https://www.instagram.com/reel/CbNMiQ5JQf1/",
          "value": "\u00f0\u009f\u0091\u008d",
          "timestamp": 1650405448
        }
      ]
    },
    {
      "title": "thatfoomio",
      "media_list_data": [
        
      ],
      "string_list_data": [
        {
          "href": "https://www.instagram.com/reel/CcV0gnvDvLH/",
          "value": "\u00f0\u009f\u0091\u008d",
          "timestamp": 1650404855
        }
      ]
    },
    {
      "title": "jeffclarkofclarkle",
      "media_list_data": [
        
      ],
      "string_list_data": [
        {
          "href": "https://www.instagram.com/reel/CbuyiwElhJl/",
          "value": "\u00f0\u009f\u0091\u008d",
          "timestamp": 1650391994
        }
      ]
    },
    {
      "title": "snow._storm105",
      "media_list_data": [
        
      ],
      "string_list_data": [
        {
          "href": "https://www.instagram.com/p/CcdsGS7vGow/",
          "value": "\u00f0\u009f\u0091\u008d",
          "timestamp": 1650234183
        }
      ]
    },
    {
      "title": "its_cj_420",
      "media_list_data": [
        
      ],
      "string_list_data": [
        {
          "href": "https://www.instagram.com/reel/CbQJ0IIjXsp/",
          "value": "\u00f0\u009f\u0091\u008d",
          "timestamp": 1650006177
        }
      ]
    },
    {
      "title": "trastobarato",
      "media_list_data": [
        
      ],
      "string_list_data": [
        {
          "href": "https://www.instagram.com/reel/CbQJ0IIjXsp/",
          "value": "\u00f0\u009f\u0091\u008d",
          "timestamp": 1650006176
        }
      ]
    },
    {
      "title": "asydtyk",
      "media_list_data": [
        
      ],
      "string_list_data": [
        {
          "href": "https://www.instagram.com/reel/CbQJ0IIjXsp/",
          "value": "\u00f0\u009f\u0091\u008d",
          "timestamp": 1650006174
        }
      ]
    },
    {
      "title": "henfaulc",
      "media_list_data": [
        
      ],
      "string_list_data": [
        {
          "href": "https://www.instagram.com/reel/Cb_z3KDgOVi/",
          "value": "\u00f0\u009f\u0091\u008d",
          "timestamp": 1650005612
        }
      ]
    },
    {
      "title": "joseph_heiden_2",
      "media_list_data": [
        
      ],
      "string_list_data": [
        {
          "href": "https://www.instagram.com/reel/Cb_z3KDgOVi/",
          "value": "\u00f0\u009f\u0091\u008d",
          "timestamp": 1650005611
        }
      ]
    },
    {
      "title": "meruemsmind",
      "media_list_data": [
        
      ],
      "string_list_data": [
        {
          "href": "https://www.instagram.com/reel/CZuI56wp2jS/",
          "value": "\u00f0\u009f\u0091\u008d",
          "timestamp": 1650004984
        }
      ]
    },
    {
      "title": "jayden1f",
      "media_list_data": [
        
      ],
      "string_list_data": [
        {
          "href": "https://www.instagram.com/reel/Cb7wEEIg1sI/",
          "value": "\u00f0\u009f\u0091\u008d",
          "timestamp": 1649652601
        }
      ]
    },
    {
      "title": "cyb1z",
      "media_list_data": [
        
      ],
      "string_list_data": [
        {
          "href": "https://www.instagram.com/reel/Cb7wEEIg1sI/",
          "value": "\u00f0\u009f\u0091\u008d",
          "timestamp": 1649652600
        }
      ]
    },
    {
      "title": "aliensuperstar88",
      "media_list_data": [
        
      ],
      "string_list_data": [
        {
          "href": "https://www.instagram.com/reel/Ca9kGl-pzGf/",
          "value": "\u00f0\u009f\u0091\u008d",
          "timestamp": 1649562492
        }
      ]
    },
    {
      "title": "thatisntcrazy",
      "media_list_data": [
        
      ],
      "string_list_data": [
        {
          "href": "https://www.instagram.com/reel/Ca9kGl-pzGf/",
          "value": "\u00f0\u009f\u0091\u008d",
          "timestamp": 1649562490
        }
      ]
    },
    {
      "title": "soumitmalviya",
      "media_list_data": [
        
      ],
      "string_list_data": [
        {
          "href": "https://www.instagram.com/p/CcBN0DaPuLu/",
          "value": "\u00f0\u009f\u0091\u008d",
          "timestamp": 1649562411
        }
      ]
    },
    {
      "title": "vlad_drach",
      "media_list_data": [
        
      ],
      "string_list_data": [
        {
          "href": "https://www.instagram.com/p/CcBN0DaPuLu/",
          "value": "\u00f0\u009f\u0091\u008d",
          "timestamp": 1649562410
        }
      ]
    },
    {
      "title": "eclyps0r",
      "media_list_data": [
        
      ],
      "string_list_data": [
        {
          "href": "https://www.instagram.com/p/CcBN0DaPuLu/",
          "value": "\u00f0\u009f\u0091\u008d",
          "timestamp": 1649562409
        }
      ]
    },
    {
      "title": "evenrichardsen",
      "media_list_data": [
        
      ],
      "string_list_data": [
        {
          "href": "https://www.instagram.com/p/CcBN0DaPuLu/",
          "value": "\u00f0\u009f\u0091\u008d",
          "timestamp": 1649562408
        }
      ]
    },
    {
      "title": "pehelmunot",
      "media_list_data": [
        
      ],
      "string_list_data": [
        {
          "href": "https://www.instagram.com/reel/Ca0LdY4BtJq/",
          "value": "\u00f0\u009f\u0091\u008d",
          "timestamp": 1648930799
        }
      ]
    },
    {
      "title": "cherryytx_",
      "media_list_data": [
        
      ],
      "string_list_data": [
        {
          "href": "https://www.instagram.com/reel/CbVDs4SgDOs/",
          "value": "\u00f0\u009f\u0091\u008d",
          "timestamp": 1648797752
        }
      ]
    },
    {
      "title": "slimelife.glokk",
      "media_list_data": [
        
      ],
      "string_list_data": [
        {
          "href": "https://www.instagram.com/reel/CbK2JyDPhfo/",
          "value": "\u00f0\u009f\u0091\u008d",
          "timestamp": 1648592874
        }
      ]
    },
    {
      "title": "stephenandren",
      "media_list_data": [
        
      ],
      "string_list_data": [
        {
          "href": "https://www.instagram.com/reel/Ca-leCTleXW/",
          "value": "\u00f0\u009f\u0091\u008d",
          "timestamp": 1648448439
        }
      ]
    },
    {
      "title": "highflogan",
      "media_list_data": [
        
      ],
      "string_list_data": [
        {
          "href": "https://www.instagram.com/reel/Ca-leCTleXW/",
          "value": "\u00f0\u009f\u0091\u008d",
          "timestamp": 1648448437
        }
      ]
    },
    {
      "title": "jbg_7966",
      "media_list_data": [
        
      ],
      "string_list_data": [
        {
          "href": "https://www.instagram.com/reel/Ca-leCTleXW/",
          "value": "\u00f0\u009f\u0091\u008d",
          "timestamp": 1648448436
        }
      ]
    },
    {
      "title": "yassineaddad3",
      "media_list_data": [
        
      ],
      "string_list_data": [
        {
          "href": "https://www.instagram.com/reel/CakiqNDjHRE/",
          "value": "\u00f0\u009f\u0091\u008d",
          "timestamp": 1648448338
        }
      ]
    },
    {
      "title": "fishmonger_status",
      "media_list_data": [
        
      ],
      "string_list_data": [
        {
          "href": "https://www.instagram.com/reel/CakiqNDjHRE/",
          "value": "\u00f0\u009f\u0091\u008d",
          "timestamp": 1648448335
        }
      ]
    },
    {
      "title": "kushagra3007",
      "media_list_data": [
        
      ],
      "string_list_data": [
        {
          "href": "https://www.instagram.com/reel/CakiqNDjHRE/",
          "value": "\u00f0\u009f\u0091\u008d",
          "timestamp": 1648448334
        }
      ]
    },
    {
      "title": "kyla__morden",
      "media_list_data": [
        
      ],
      "string_list_data": [
        {
          "href": "https://www.instagram.com/reel/CapnY9tMjE-/",
          "value": "\u00f0\u009f\u0091\u008d",
          "timestamp": 1648448168
        }
      ]
    },
    {
      "title": "kingcesar777",
      "media_list_data": [
        
      ],
      "string_list_data": [
        {
          "href": "https://www.instagram.com/reel/CZgNTamJ1d7/",
          "value": "\u00f0\u009f\u0091\u008d",
          "timestamp": 1648410524
        }
      ]
    },
    {
      "title": "vismar_the_maine_coon_cat",
      "media_list_data": [
        
      ],
      "string_list_data": [
        {
          "href": "https://www.instagram.com/reel/CZgNTamJ1d7/",
          "value": "\u00f0\u009f\u0091\u008d",
          "timestamp": 1648410523
        }
      ]
    },
    {
      "title": "mariah_keene_",
      "media_list_data": [
        
      ],
      "string_list_data": [
        {
          "href": "https://www.instagram.com/reel/CblEXiSpLkr/",
          "value": "\u00f0\u009f\u0091\u008d",
          "timestamp": 1648325734
        }
      ]
    },
    {
      "title": "tarudlh",
      "media_list_data": [
        
      ],
      "string_list_data": [
        {
          "href": "https://www.instagram.com/reel/CY7boXToJE6/",
          "value": "\u00f0\u009f\u0091\u008d",
          "timestamp": 1648318490
        }
      ]
    },
    {
      "title": "woutvanee",
      "media_list_data": [
        
      ],
      "string_list_data": [
        {
          "href": "https://www.instagram.com/reel/CbQ3AkTALLU/",
          "value": "\u00f0\u009f\u0091\u008d",
          "timestamp": 1648317930
        }
      ]
    },
    {
      "title": "vanitysrevenger",
      "media_list_data": [
        
      ],
      "string_list_data": [
        {
          "href": "https://www.instagram.com/reel/Can9sYxjUvC/",
          "value": "\u00f0\u009f\u0091\u008d",
          "timestamp": 1648262989
        }
      ]
    },
    {
      "title": "maro_fallen_saint",
      "media_list_data": [
        
      ],
      "string_list_data": [
        {
          "href": "https://www.instagram.com/reel/Can9sYxjUvC/",
          "value": "\u00f0\u009f\u0091\u008d",
          "timestamp": 1648262988
        }
      ]
    },
    {
      "title": "_skyglitcher_",
      "media_list_data": [
        
      ],
      "string_list_data": [
        {
          "href": "https://www.instagram.com/reel/CbLlFJbg1vf/",
          "value": "\u00f0\u009f\u0091\u008d",
          "timestamp": 1648262336
        }
      ]
    },
    {
      "title": "unniiiikrishnannnn",
      "media_list_data": [
        
      ],
      "string_list_data": [
        {
          "href": "https://www.instagram.com/reel/CbLlFJbg1vf/",
          "value": "\u00f0\u009f\u0091\u008d",
          "timestamp": 1648262334
        }
      ]
    },
    {
      "title": "suhaib718",
      "media_list_data": [
        
      ],
      "string_list_data": [
        {
          "href": "https://www.instagram.com/reel/CbLlFJbg1vf/",
          "value": "\u00f0\u009f\u0091\u008d",
          "timestamp": 1648262333
        }
      ]
    },
    {
      "title": "latinofighter",
      "media_list_data": [
        
      ],
      "string_list_data": [
        {
          "href": "https://www.instagram.com/reel/CaaevkYFap5/",
          "value": "\u00f0\u009f\u0091\u008d",
          "timestamp": 1647847788
        }
      ]
    },
    {
      "title": "kxrxbx_kiara_kiki",
      "media_list_data": [
        
      ],
      "string_list_data": [
        {
          "href": "https://www.instagram.com/reel/CaaevkYFap5/",
          "value": "\u00f0\u009f\u0091\u008d",
          "timestamp": 1647847786
        }
      ]
    },
    {
      "title": "lube",
      "media_list_data": [
        
      ],
      "string_list_data": [
        {
          "href": "https://www.instagram.com/reel/CaaevkYFap5/",
          "value": "\u00f0\u009f\u0091\u008d",
          "timestamp": 1647847785
        }
      ]
    },
    {
      "title": "imtmworldwide",
      "media_list_data": [
        
      ],
      "string_list_data": [
        {
          "href": "https://www.instagram.com/reel/CZb-oEvIKh1/",
          "value": "\u00f0\u009f\u0091\u008d",
          "timestamp": 1647847102
        }
      ]
    },
    {
      "title": "abhishek.ab.more",
      "media_list_data": [
        
      ],
      "string_list_data": [
        {
          "href": "https://www.instagram.com/reel/CZb-oEvIKh1/",
          "value": "\u00f0\u009f\u0091\u008d",
          "timestamp": 1647847101
        }
      ]
    },
    {
      "title": "crafted_brute",
      "media_list_data": [
        
      ],
      "string_list_data": [
        {
          "href": "https://www.instagram.com/reel/CZb-oEvIKh1/",
          "value": "\u00f0\u009f\u0091\u008d",
          "timestamp": 1647847091
        }
      ]
    },
    {
      "title": "ahmedbhayat22",
      "media_list_data": [
        
      ],
      "string_list_data": [
        {
          "href": "https://www.instagram.com/reel/CZb-oEvIKh1/",
          "value": "\u00f0\u009f\u0091\u008d",
          "timestamp": 1647847088
        }
      ]
    },
    {
      "title": "gregor_davey",
      "media_list_data": [
        
      ],
      "string_list_data": [
        {
          "href": "https://www.instagram.com/reel/CadIv3HAqw0/",
          "value": "\u00f0\u009f\u0091\u008d",
          "timestamp": 1646979055
        }
      ]
    },
    {
      "title": "rojas408.831",
      "media_list_data": [
        
      ],
      "string_list_data": [
        {
          "href": "https://www.instagram.com/reel/CadIv3HAqw0/",
          "value": "\u00f0\u009f\u0091\u008d",
          "timestamp": 1646979053
        }
      ]
    },
    {
      "title": "masonrach_26",
      "media_list_data": [
        
      ],
      "string_list_data": [
        {
          "href": "https://www.instagram.com/reel/CadIv3HAqw0/",
          "value": "\u00f0\u009f\u0091\u008d",
          "timestamp": 1646979049
        }
      ]
    },
    {
      "title": "griefwrld_",
      "media_list_data": [
        
      ],
      "string_list_data": [
        {
          "href": "https://www.instagram.com/reel/CZ1SaHOgbEb/",
          "value": "\u00f0\u009f\u0091\u008d",
          "timestamp": 1646978626
        }
      ]
    },
    {
      "title": "fernando_miguel_isaac",
      "media_list_data": [
        
      ],
      "string_list_data": [
        {
          "href": "https://www.instagram.com/reel/CZ9emYwln5H/",
          "value": "\u00f0\u009f\u0091\u008d",
          "timestamp": 1646970710
        }
      ]
    },
    {
      "title": "zettwaterson",
      "media_list_data": [
        
      ],
      "string_list_data": [
        {
          "href": "https://www.instagram.com/reel/CaKDC9RFQcD/",
          "value": "\u00f0\u009f\u0091\u008d",
          "timestamp": 1646837922
        }
      ]
    },
    {
      "title": "vigyat_jazz",
      "media_list_data": [
        
      ],
      "string_list_data": [
        {
          "href": "https://www.instagram.com/reel/CacLSIeFMeC/",
          "value": "\u00f0\u009f\u0091\u008d",
          "timestamp": 1646837842
        }
      ]
    },
    {
      "title": "joann_.2000",
      "media_list_data": [
        
      ],
      "string_list_data": [
        {
          "href": "https://www.instagram.com/reel/CaSFnzElMps/",
          "value": "\u00f0\u009f\u0091\u008d",
          "timestamp": 1646795825
        }
      ]
    },
    {
      "title": "manuell_178",
      "media_list_data": [
        
      ],
      "string_list_data": [
        {
          "href": "https://www.instagram.com/reel/Cas7eqeoXtM/",
          "value": "\u00f0\u009f\u0091\u008d",
          "timestamp": 1646795452
        }
      ]
    },
    {
      "title": "a.0478.aimen",
      "media_list_data": [
        
      ],
      "string_list_data": [
        {
          "href": "https://www.instagram.com/reel/Cas7eqeoXtM/",
          "value": "\u00f0\u009f\u0091\u008d",
          "timestamp": 1646795448
        }
      ]
    },
    {
      "title": "1chrismade",
      "media_list_data": [
        
      ],
      "string_list_data": [
        {
          "href": "https://www.instagram.com/reel/CadrEqWg2w6/",
          "value": "\u00f0\u009f\u0091\u008d",
          "timestamp": 1646795354
        }
      ]
    },
    {
      "title": "kt.thagod",
      "media_list_data": [
        
      ],
      "string_list_data": [
        {
          "href": "https://www.instagram.com/reel/CadrEqWg2w6/",
          "value": "\u00f0\u009f\u0091\u008d",
          "timestamp": 1646795352
        }
      ]
    },
    {
      "title": "bherbo4",
      "media_list_data": [
        
      ],
      "string_list_data": [
        {
          "href": "https://www.instagram.com/reel/CadrEqWg2w6/",
          "value": "\u00f0\u009f\u0091\u008d",
          "timestamp": 1646795350
        }
      ]
    },
    {
      "title": "arctic.junky",
      "media_list_data": [
        
      ],
      "string_list_data": [
        {
          "href": "https://www.instagram.com/reel/CadrEqWg2w6/",
          "value": "\u00f0\u009f\u0091\u008d",
          "timestamp": 1646795350
        }
      ]
    },
    {
      "title": "eduardmanecuta",
      "media_list_data": [
        
      ],
      "string_list_data": [
        {
          "href": "https://www.instagram.com/reel/CaGWNSgF2gd/",
          "value": "\u00f0\u009f\u0091\u008d",
          "timestamp": 1646795269
        }
      ]
    },
    {
      "title": "anton_traynor",
      "media_list_data": [
        
      ],
      "string_list_data": [
        {
          "href": "https://www.instagram.com/reel/CajzdmfhynO/",
          "value": "\u00f0\u009f\u0091\u008d",
          "timestamp": 1646795068
        }
      ]
    },
    {
      "title": "riffard.sam",
      "media_list_data": [
        
      ],
      "string_list_data": [
        {
          "href": "https://www.instagram.com/reel/CajzdmfhynO/",
          "value": "\u00f0\u009f\u0091\u008d",
          "timestamp": 1646795067
        }
      ]
    },
    {
      "title": "louialigon",
      "media_list_data": [
        
      ],
      "string_list_data": [
        {
          "href": "https://www.instagram.com/reel/CaR3W9Ssywd/",
          "value": "\u00f0\u009f\u0091\u008d",
          "timestamp": 1646795010
        }
      ]
    },
    {
      "title": "goku_22._",
      "media_list_data": [
        
      ],
      "string_list_data": [
        {
          "href": "https://www.instagram.com/reel/CaR3W9Ssywd/",
          "value": "\u00f0\u009f\u0091\u008d",
          "timestamp": 1646795007
        }
      ]
    },
    {
      "title": "himanshumadhavi_16",
      "media_list_data": [
        
      ],
      "string_list_data": [
        {
          "href": "https://www.instagram.com/reel/CaR3W9Ssywd/",
          "value": "\u00f0\u009f\u0091\u008d",
          "timestamp": 1646795006
        }
      ]
    },
    {
      "title": "thumperatbumper",
      "media_list_data": [
        
      ],
      "string_list_data": [
        {
          "href": "https://www.instagram.com/reel/CZdRyIbICxg/",
          "value": "\u00f0\u009f\u0091\u008d",
          "timestamp": 1646727994
        }
      ]
    },
    {
      "title": "mountpeggy",
      "media_list_data": [
        
      ],
      "string_list_data": [
        {
          "href": "https://www.instagram.com/reel/CZdRyIbICxg/",
          "value": "\u00f0\u009f\u0091\u008d",
          "timestamp": 1646727992
        }
      ]
    },
    {
      "title": "j4ckm3ss1ck",
      "media_list_data": [
        
      ],
      "string_list_data": [
        {
          "href": "https://www.instagram.com/reel/CZdRyIbICxg/",
          "value": "\u00f0\u009f\u0091\u008d",
          "timestamp": 1646727989
        }
      ]
    },
    {
      "title": "jordan_of_the_jungle",
      "media_list_data": [
        
      ],
      "string_list_data": [
        {
          "href": "https://www.instagram.com/reel/CaMHEVDFSeL/",
          "value": "\u00f0\u009f\u0091\u008d",
          "timestamp": 1646727282
        }
      ]
    },
    {
      "title": "ssienna24",
      "media_list_data": [
        
      ],
      "string_list_data": [
        {
          "href": "https://www.instagram.com/reel/CafaTT-jt90/",
          "value": "\u00f0\u009f\u0091\u008d",
          "timestamp": 1646726784
        }
      ]
    },
    {
      "title": "dustykanga",
      "media_list_data": [
        
      ],
      "string_list_data": [
        {
          "href": "https://www.instagram.com/reel/CaPelHogYdm/",
          "value": "\u00f0\u009f\u0091\u008d",
          "timestamp": 1646632759
        }
      ]
    },
    {
      "title": "love.kima",
      "media_list_data": [
        
      ],
      "string_list_data": [
        {
          "href": "https://www.instagram.com/reel/CaPelHogYdm/",
          "value": "\u00f0\u009f\u0091\u008d",
          "timestamp": 1646632757
        }
      ]
    },
    {
      "title": "itzplasmy",
      "media_list_data": [
        
      ],
      "string_list_data": [
        {
          "href": "https://www.instagram.com/reel/CaPelHogYdm/",
          "value": "\u00f0\u009f\u0091\u008d",
          "timestamp": 1646632755
        }
      ]
    },
    {
      "title": "0_morb",
      "media_list_data": [
        
      ],
      "string_list_data": [
        {
          "href": "https://www.instagram.com/reel/CaPelHogYdm/",
          "value": "\u00f0\u009f\u0091\u008d",
          "timestamp": 1646632754
        }
      ]
    },
    {
      "title": "lance_sekora",
      "media_list_data": [
        
      ],
      "string_list_data": [
        {
          "href": "https://www.instagram.com/reel/CaFUrr0gugL/",
          "value": "\u00f0\u009f\u0091\u008d",
          "timestamp": 1646632621
        }
      ]
    },
    {
      "title": "philv.22",
      "media_list_data": [
        
      ],
      "string_list_data": [
        {
          "href": "https://www.instagram.com/reel/CZrqgdppc5M/",
          "value": "\u00f0\u009f\u0091\u008d",
          "timestamp": 1646632033
        }
      ]
    },
    {
      "title": "ariyan_64",
      "media_list_data": [
        
      ],
      "string_list_data": [
        {
          "href": "https://www.instagram.com/p/CZ_0XNPLs4z/",
          "value": "\u00f0\u009f\u0091\u008d",
          "timestamp": 1646528060
        }
      ]
    },
    {
      "title": "possibletraining",
      "media_list_data": [
        
      ],
      "string_list_data": [
        {
          "href": "https://www.instagram.com/reel/CaCwGkGFHSS/",
          "value": "\u00f0\u009f\u0091\u008d",
          "timestamp": 1646527854
        }
      ]
    },
    {
      "title": "britaikridanik",
      "media_list_data": [
        
      ],
      "string_list_data": [
        {
          "href": "https://www.instagram.com/reel/CacnyengFXf/",
          "value": "\u00f0\u009f\u0091\u008d",
          "timestamp": 1646527832
        }
      ]
    },
    {
      "title": "hannes.m.schweitzer",
      "media_list_data": [
        
      ],
      "string_list_data": [
        {
          "href": "https://www.instagram.com/reel/CaFyYXtBinH/",
          "value": "\u00f0\u009f\u0091\u008d",
          "timestamp": 1646527809
        }
      ]
    },
    {
      "title": "rowdy._.ro",
      "media_list_data": [
        
      ],
      "string_list_data": [
        {
          "href": "https://www.instagram.com/reel/CaFyYXtBinH/",
          "value": "\u00f0\u009f\u0091\u008d",
          "timestamp": 1646527808
        }
      ]
    },
    {
      "title": "isover_9000",
      "media_list_data": [
        
      ],
      "string_list_data": [
        {
          "href": "https://www.instagram.com/reel/CaT0GdrIfui/",
          "value": "\u00f0\u009f\u0091\u008d",
          "timestamp": 1646469978
        }
      ]
    },
    {
      "title": "iamhrjackson",
      "media_list_data": [
        
      ],
      "string_list_data": [
        {
          "href": "https://www.instagram.com/reel/CaZa8iGoP-0/",
          "value": "\u00f0\u009f\u0091\u008d",
          "timestamp": 1646469828
        }
      ]
    },
    {
      "title": "anshverma501",
      "media_list_data": [
        
      ],
      "string_list_data": [
        {
          "href": "https://www.instagram.com/reel/CaZa8iGoP-0/",
          "value": "\u00f0\u009f\u0091\u008d",
          "timestamp": 1646469825
        }
      ]
    },
    {
      "title": "jenna_n_goodwell_art",
      "media_list_data": [
        
      ],
      "string_list_data": [
        {
          "href": "https://www.instagram.com/reel/CaZa8iGoP-0/",
          "value": "\u00f0\u009f\u0091\u008d",
          "timestamp": 1646469820
        }
      ]
    },
    {
      "title": "ch.illmatic",
      "media_list_data": [
        
      ],
      "string_list_data": [
        {
          "href": "https://www.instagram.com/reel/CZtaAk7DxBa/",
          "value": "\u00f0\u009f\u0091\u008d",
          "timestamp": 1646469730
        }
      ]
    },
    {
      "title": "tilemachos.angel",
      "media_list_data": [
        
      ],
      "string_list_data": [
        {
          "href": "https://www.instagram.com/reel/CZtaAk7DxBa/",
          "value": "\u00f0\u009f\u0091\u008d",
          "timestamp": 1646469728
        }
      ]
    },
    {
      "title": "cybilnedra",
      "media_list_data": [
        
      ],
      "string_list_data": [
        {
          "href": "https://www.instagram.com/reel/CaXRqtugcZy/",
          "value": "\u00f0\u009f\u0091\u008d",
          "timestamp": 1646469495
        }
      ]
    },
    {
      "title": "bamboosketch",
      "media_list_data": [
        
      ],
      "string_list_data": [
        {
          "href": "https://www.instagram.com/reel/CaXRqtugcZy/",
          "value": "\u00f0\u009f\u0091\u008d",
          "timestamp": 1646469491
        }
      ]
    },
    {
      "title": "huzyefah_amer",
      "media_list_data": [
        
      ],
      "string_list_data": [
        {
          "href": "https://www.instagram.com/p/CahrxAhPHhl/",
          "value": "\u00f0\u009f\u0091\u008d",
          "timestamp": 1646469147
        }
      ]
    },
    {
      "title": "entpmemesdaily",
      "media_list_data": [
        
      ],
      "string_list_data": [
        {
          "href": "https://www.instagram.com/p/CahrxAhPHhl/",
          "value": "\u00f0\u009f\u0091\u008d",
          "timestamp": 1646469146
        }
      ]
    },
    {
      "title": "gunicelife",
      "media_list_data": [
        
      ],
      "string_list_data": [
        {
          "href": "https://www.instagram.com/reel/CaYxH8oIYFp/",
          "value": "\u00f0\u009f\u0091\u008d",
          "timestamp": 1646462552
        }
      ]
    },
    {
      "title": "filipicev",
      "media_list_data": [
        
      ],
      "string_list_data": [
        {
          "href": "https://www.instagram.com/p/CaoCmwZLmMJt1EfgXg1kw0megPufcmYDY2DNMo0/",
          "value": "\u00f0\u009f\u0091\u008d",
          "timestamp": 1646288669
        }
      ]
    },
    {
      "title": "eamon_thakur",
      "media_list_data": [
        
      ],
      "string_list_data": [
        {
          "href": "https://www.instagram.com/p/CaoCmwZLmMJt1EfgXg1kw0megPufcmYDY2DNMo0/",
          "value": "\u00f0\u009f\u0091\u008d",
          "timestamp": 1646288660
        }
      ]
    },
    {
      "title": "ik_bryce",
      "media_list_data": [
        
      ],
      "string_list_data": [
        {
          "href": "https://www.instagram.com/reel/CZx7Z5kFSd7/",
          "value": "\u00f0\u009f\u0091\u008d",
          "timestamp": 1645858117
        }
      ]
    },
    {
      "title": "skinny_man_mason",
      "media_list_data": [
        
      ],
      "string_list_data": [
        {
          "href": "https://www.instagram.com/reel/CZx7Z5kFSd7/",
          "value": "\u00f0\u009f\u0091\u008d",
          "timestamp": 1645858116
        }
      ]
    },
    {
      "title": "airoswag",
      "media_list_data": [
        
      ],
      "string_list_data": [
        {
          "href": "https://www.instagram.com/reel/CZrNRA4Dgio/",
          "value": "\u00f0\u009f\u0091\u008d",
          "timestamp": 1645857911
        }
      ]
    },
    {
      "title": "ok_jashan",
      "media_list_data": [
        
      ],
      "string_list_data": [
        {
          "href": "https://www.instagram.com/reel/CaJZ5kej7aD/",
          "value": "\u00f0\u009f\u0091\u008d",
          "timestamp": 1645689076
        }
      ]
    },
    {
      "title": "leon_gj_",
      "media_list_data": [
        
      ],
      "string_list_data": [
        {
          "href": "https://www.instagram.com/reel/CaJZ5kej7aD/",
          "value": "\u00f0\u009f\u0091\u008d",
          "timestamp": 1645689075
        }
      ]
    },
    {
      "title": "_arshad.core_",
      "media_list_data": [
        
      ],
      "string_list_data": [
        {
          "href": "https://www.instagram.com/reel/CZv9QUfFvZk/",
          "value": "\u00f0\u009f\u0091\u008d",
          "timestamp": 1645688799
        }
      ]
    },
    {
      "title": "mbak.ayaka",
      "media_list_data": [
        
      ],
      "string_list_data": [
        {
          "href": "https://www.instagram.com/reel/CZv9QUfFvZk/",
          "value": "\u00f0\u009f\u0091\u008d",
          "timestamp": 1645688797
        }
      ]
    },
    {
      "title": "conn_674",
      "media_list_data": [
        
      ],
      "string_list_data": [
        {
          "href": "https://www.instagram.com/reel/CZBPNq5Dqo5/",
          "value": "\u00f0\u009f\u0091\u008d",
          "timestamp": 1645490921
        }
      ]
    },
    {
      "title": "sanaswaterline",
      "media_list_data": [
        
      ],
      "string_list_data": [
        {
          "href": "https://www.instagram.com/reel/CZBPNq5Dqo5/",
          "value": "\u00f0\u009f\u0091\u008d",
          "timestamp": 1645490920
        }
      ]
    },
    {
      "title": "__lisrosjenjiso__",
      "media_list_data": [
        
      ],
      "string_list_data": [
        {
          "href": "https://www.instagram.com/reel/CZBPNq5Dqo5/",
          "value": "\u00f0\u009f\u0091\u008d",
          "timestamp": 1645490919
        }
      ]
    },
    {
      "title": "thomas_fennell_1",
      "media_list_data": [
        
      ],
      "string_list_data": [
        {
          "href": "https://www.instagram.com/reel/CZYWyVSBat9/",
          "value": "\u00f0\u009f\u0091\u008d",
          "timestamp": 1645422216
        }
      ]
    },
    {
      "title": "mkmuses",
      "media_list_data": [
        
      ],
      "string_list_data": [
        {
          "href": "https://www.instagram.com/reel/CZhSmCBhK9R/",
          "value": "\u00f0\u009f\u0091\u008d",
          "timestamp": 1645061232
        }
      ]
    },
    {
      "title": "rohanftw_",
      "media_list_data": [
        
      ],
      "string_list_data": [
        {
          "href": "https://www.instagram.com/reel/CX5pzo3hZ4W/",
          "value": "\u00f0\u009f\u0091\u008d",
          "timestamp": 1642377862
        }
      ]
    },
    {
      "title": "boo.mers_foood",
      "media_list_data": [
        
      ],
      "string_list_data": [
        {
          "href": "https://www.instagram.com/reel/CX2f4hRISDU/",
          "value": "\u00f0\u009f\u0091\u008d",
          "timestamp": 1642377649
        }
      ]
    },
    {
      "title": "phoenixzuno",
      "media_list_data": [
        
      ],
      "string_list_data": [
        {
          "href": "https://www.instagram.com/reel/CX2f4hRISDU/",
          "value": "\u00f0\u009f\u0091\u008d",
          "timestamp": 1642377647
        }
      ]
    },
    {
      "title": "soloweebooo",
      "media_list_data": [
        
      ],
      "string_list_data": [
        {
          "href": "https://www.instagram.com/reel/CYmdSOYKxGC/",
          "value": "\u00f0\u009f\u0091\u008d",
          "timestamp": 1642262837
        }
      ]
    },
    {
      "title": "michaelortaunter",
      "media_list_data": [
        
      ],
      "string_list_data": [
        {
          "href": "https://www.instagram.com/reel/CYNnVHUFelH/",
          "value": "\u00f0\u009f\u0091\u008d",
          "timestamp": 1642148992
        }
      ]
    },
    {
      "title": "wislexyy",
      "media_list_data": [
        
      ],
      "string_list_data": [
        {
          "href": "https://www.instagram.com/reel/CXtTW2bhqq1/",
          "value": "\u00f0\u009f\u0091\u008d",
          "timestamp": 1642148935
        }
      ]
    },
    {
      "title": "akalimbratic",
      "media_list_data": [
        
      ],
      "string_list_data": [
        {
          "href": "https://www.instagram.com/reel/CYhPoxPoMlW/",
          "value": "\u00f0\u009f\u0091\u008d",
          "timestamp": 1642146481
        }
      ]
    },
    {
      "title": "suqaina_chaudary",
      "media_list_data": [
        
      ],
      "string_list_data": [
        {
          "href": "https://www.instagram.com/reel/CYhPoxPoMlW/",
          "value": "\u00f0\u009f\u0091\u008d",
          "timestamp": 1642146480
        }
      ]
    },
    {
      "title": "car0usel._",
      "media_list_data": [
        
      ],
      "string_list_data": [
        {
          "href": "https://www.instagram.com/reel/CYhPoxPoMlW/",
          "value": "\u00f0\u009f\u0091\u008d",
          "timestamp": 1642146479
        }
      ]
    },
    {
      "title": "kremlikkarel",
      "media_list_data": [
        
      ],
      "string_list_data": [
        {
          "href": "https://www.instagram.com/reel/CYWXyMaIJoY/",
          "value": "\u00f0\u009f\u0091\u008d",
          "timestamp": 1642139965
        }
      ]
    },
    {
      "title": "sarcastic_memeash",
      "media_list_data": [
        
      ],
      "string_list_data": [
        {
          "href": "https://www.instagram.com/reel/CYWXyMaIJoY/",
          "value": "\u00f0\u009f\u0091\u008d",
          "timestamp": 1642139964
        }
      ]
    },
    {
      "title": "_.rishi_sharma_",
      "media_list_data": [
        
      ],
      "string_list_data": [
        {
          "href": "https://www.instagram.com/reel/CYWXyMaIJoY/",
          "value": "\u00f0\u009f\u0091\u008d",
          "timestamp": 1642139961
        }
      ]
    },
    {
      "title": "the__john__wick",
      "media_list_data": [
        
      ],
      "string_list_data": [
        {
          "href": "https://www.instagram.com/reel/CYWXyMaIJoY/",
          "value": "\u00f0\u009f\u0091\u008d",
          "timestamp": 1642139957
        }
      ]
    },
    {
      "title": "frankk_bsnch",
      "media_list_data": [
        
      ],
      "string_list_data": [
        {
          "href": "https://www.instagram.com/reel/CYUwc5apUXk/",
          "value": "\u00f0\u009f\u0091\u008d",
          "timestamp": 1642139220
        }
      ]
    },
    {
      "title": "s_a_m_95_11",
      "media_list_data": [
        
      ],
      "string_list_data": [
        {
          "href": "https://www.instagram.com/reel/CX3NXP6JXK6/",
          "value": "\u00f0\u009f\u0091\u008d",
          "timestamp": 1642024981
        }
      ]
    },
    {
      "title": "a_photolovepher_",
      "media_list_data": [
        
      ],
      "string_list_data": [
        {
          "href": "https://www.instagram.com/reel/CXoOh1ZAvYL/",
          "value": "\u00f0\u009f\u0091\u008d",
          "timestamp": 1642024429
        }
      ]
    },
    {
      "title": "jdraco592",
      "media_list_data": [
        
      ],
      "string_list_data": [
        {
          "href": "https://www.instagram.com/reel/CXoOh1ZAvYL/",
          "value": "\u00f0\u009f\u0091\u008d",
          "timestamp": 1642024423
        }
      ]
    },
    {
      "title": "nerzgulsalih",
      "media_list_data": [
        
      ],
      "string_list_data": [
        {
          "href": "https://www.instagram.com/reel/CXoOh1ZAvYL/",
          "value": "\u00f0\u009f\u0091\u008d",
          "timestamp": 1642024405
        }
      ]
    },
    {
      "title": "gioo.cosoleto",
      "media_list_data": [
        
      ],
      "string_list_data": [
        {
          "href": "https://www.instagram.com/p/CYcjntUPsmK/",
          "value": "\u00f0\u009f\u0091\u008d",
          "timestamp": 1641708958
        }
      ]
    },
    {
      "title": "aho_noob",
      "media_list_data": [
        
      ],
      "string_list_data": [
        {
          "href": "https://www.instagram.com/reel/CYB3vqINLJI/",
          "value": "\u00f0\u009f\u0091\u008d",
          "timestamp": 1641590247
        }
      ]
    },
    {
      "title": "t1homgurjar",
      "media_list_data": [
        
      ],
      "string_list_data": [
        {
          "href": "https://www.instagram.com/reel/CXLu4woB8XX/",
          "value": "\u00f0\u009f\u0091\u008d",
          "timestamp": 1640128813
        }
      ]
    },
    {
      "title": "tastey_memes108",
      "media_list_data": [
        
      ],
      "string_list_data": [
        {
          "href": "https://www.instagram.com/reel/CXKm9gLlKHO/",
          "value": "\u00f0\u009f\u0091\u008d",
          "timestamp": 1639360209
        }
      ]
    },
    {
      "title": "santiagoarielayala90",
      "media_list_data": [
        
      ],
      "string_list_data": [
        {
          "href": "https://www.instagram.com/reel/CXKm9gLlKHO/",
          "value": "\u00f0\u009f\u0091\u008d",
          "timestamp": 1639360203
        }
      ]
    },
    {
      "title": "evan_v1n",
      "media_list_data": [
        
      ],
      "string_list_data": [
        {
          "href": "https://www.instagram.com/reel/CWXE2KUp9b-/",
          "value": "\u00f0\u009f\u0091\u008d",
          "timestamp": 1639350658
        }
      ]
    },
    {
      "title": "shonen_otaaku",
      "media_list_data": [
        
      ],
      "string_list_data": [
        {
          "href": "https://www.instagram.com/reel/CWmjnmRB4gp/",
          "value": "\u00f0\u009f\u0091\u008d",
          "timestamp": 1639093588
        }
      ]
    },
    {
      "title": "_bleep.bloop",
      "media_list_data": [
        
      ],
      "string_list_data": [
        {
          "href": "https://www.instagram.com/reel/CWleBSNKeYm/",
          "value": "\u00f0\u009f\u0091\u008d",
          "timestamp": 1638841559
        }
      ]
    },
    {
      "title": "anto.nico__",
      "media_list_data": [
        
      ],
      "string_list_data": [
        {
          "href": "https://www.instagram.com/reel/CWcu1Balld7/",
          "value": "\u00f0\u009f\u0091\u008d",
          "timestamp": 1638570554
        }
      ]
    },
    {
      "title": "isaackennington",
      "media_list_data": [
        
      ],
      "string_list_data": [
        {
          "href": "https://www.instagram.com/reel/CWcu1Balld7/",
          "value": "\u00f0\u009f\u0091\u008d",
          "timestamp": 1638570553
        }
      ]
    },
    {
      "title": "mykeazeb691",
      "media_list_data": [
        
      ],
      "string_list_data": [
        {
          "href": "https://www.instagram.com/reel/CWyRkaUln0j/",
          "value": "\u00f0\u009f\u0091\u008d",
          "timestamp": 1638569968
        }
      ]
    },
    {
      "title": "murali.anand.773",
      "media_list_data": [
        
      ],
      "string_list_data": [
        {
          "href": "https://www.instagram.com/reel/CVyjCwHPVs9/",
          "value": "\u00f0\u009f\u0091\u008d",
          "timestamp": 1637566504
        }
      ]
    },
    {
      "title": "mdandar",
      "media_list_data": [
        
      ],
      "string_list_data": [
        {
          "href": "https://www.instagram.com/reel/CWE2UyovawJ/",
          "value": "\u00f0\u009f\u0091\u008d",
          "timestamp": 1637349646
        }
      ]
    },
    {
      "title": "doktor_psy_",
      "media_list_data": [
        
      ],
      "string_list_data": [
        {
          "href": "https://www.instagram.com/reel/CVqxMLwjKrg/",
          "value": "\u00f0\u009f\u0091\u008d",
          "timestamp": 1637307529
        }
      ]
    },
    {
      "title": "staxo4real",
      "media_list_data": [
        
      ],
      "string_list_data": [
        {
          "href": "https://www.instagram.com/reel/CVgx17hF0TF/",
          "value": "\u00f0\u009f\u0091\u008d",
          "timestamp": 1636514144
        }
      ]
    }
  ]
}