{
  "saved_saved_media": [
    {
      "title": "",
      "media_map_data": {
        
      },
      "string_map_data": {
        "Shared By": {
          "href": "https://www.instagram.com/reel/ChMyECwojV4/",
          "value": "ajustarcorp",
          "timestamp": 1660476049
        }
      }
    },
    {
      "title": "",
      "media_map_data": {
        
      },
      "string_map_data": {
        "Shared By": {
          "href": "https://www.instagram.com/reel/CgPQHCAg3Rf/",
          "value": "jerryjhlee",
          "timestamp": 1658431676
        }
      }
    },
    {
      "title": "",
      "media_map_data": {
        
      },
      "string_map_data": {
        "Shared By": {
          "href": "https://www.instagram.com/reel/CgR2e5FggBO/",
          "value": "jerryjhlee",
          "timestamp": 1658431565
        }
      }
    },
    {
      "title": "",
      "media_map_data": {
        
      },
      "string_map_data": {
        "Shared By": {
          "href": "https://www.instagram.com/reel/Ccui8KXF23V/",
          "value": "trickyhash",
          "timestamp": 1652693602
        }
      }
    },
    {
      "title": "",
      "media_map_data": {
        
      },
      "string_map_data": {
        "Shared By": {
          "href": "https://www.instagram.com/reel/Cc8HGhdgFgO/",
          "value": "jerryjhlee",
          "timestamp": 1651346590
        }
      }
    },
    {
      "title": "",
      "media_map_data": {
        
      },
      "string_map_data": {
        "Shared By": {
          "href": "https://www.instagram.com/p/Ccxu21qv09l/",
          "value": "python.hub",
          "timestamp": 1650919284
        }
      }
    },
    {
      "title": "",
      "media_map_data": {
        
      },
      "string_map_data": {
        "Shared By": {
          "href": "https://www.instagram.com/reel/CcGMgOhr0em/",
          "value": "thefriendsfeeds",
          "timestamp": 1650662090
        }
      }
    },
    {
      "title": "",
      "media_map_data": {
        
      },
      "string_map_data": {
        "Shared By": {
          "href": "https://www.instagram.com/reel/Cbnal8eD_hy/",
          "value": "dailydosetheoffice",
          "timestamp": 1650574539
        }
      }
    },
    {
      "title": "",
      "media_map_data": {
        
      },
      "string_map_data": {
        "Shared By": {
          "href": "https://www.instagram.com/reel/Cb1TLLcJLWz/",
          "value": "entrepreneurshipquote",
          "timestamp": 1649748612
        }
      }
    },
    {
      "title": "",
      "media_map_data": {
        
      },
      "string_map_data": {
        "Shared By": {
          "href": "https://www.instagram.com/reel/CZdRyIbICxg/",
          "value": "criticalmoves_",
          "timestamp": 1646632985
        }
      }
    },
    {
      "title": "",
      "media_map_data": {
        
      },
      "string_map_data": {
        "Shared By": {
          "href": "https://www.instagram.com/reel/CVItGbXJL78/",
          "value": "manhwa.verse",
          "timestamp": 1644285757
        }
      }
    },
    {
      "title": "",
      "media_map_data": {
        
      },
      "string_map_data": {
        "Shared By": {
          "href": "https://www.instagram.com/reel/CPwzCrAD_mt/",
          "value": "mik.zenon",
          "timestamp": 1644285601
        }
      }
    },
    {
      "title": "",
      "media_map_data": {
        
      },
      "string_map_data": {
        "Shared By": {
          "href": "https://www.instagram.com/reel/COxyCScjMsa/",
          "value": "mik.zenon",
          "timestamp": 1644285583
        }
      }
    },
    {
      "title": "",
      "media_map_data": {
        
      },
      "string_map_data": {
        "Shared By": {
          "href": "https://www.instagram.com/p/CNEA6ebDBUu/",
          "value": "mik.zenon",
          "timestamp": 1644285426
        }
      }
    },
    {
      "title": "",
      "media_map_data": {
        
      },
      "string_map_data": {
        "Shared By": {
          "href": "https://www.instagram.com/p/CL3F1rXrBL5/",
          "value": "appliedengineering73",
          "timestamp": 1644285321
        }
      }
    },
    {
      "title": "",
      "media_map_data": {
        
      },
      "string_map_data": {
        "Shared By": {
          "href": "https://www.instagram.com/p/CHd70G6AuP1/",
          "value": "hellokatarahere",
          "timestamp": 1644285256
        }
      }
    },
    {
      "title": "",
      "media_map_data": {
        
      },
      "string_map_data": {
        "Shared By": {
          "href": "https://www.instagram.com/p/CVYWJw2s3Z5/",
          "value": "fitnesstipkingdom",
          "timestamp": 1635832577
        }
      }
    },
    {
      "title": "",
      "media_map_data": {
        
      },
      "string_map_data": {
        "Shared By": {
          "href": "https://www.instagram.com/reel/CVVxvbyA-sP/",
          "value": "jerryjhlee",
          "timestamp": 1635026168
        }
      }
    },
    {
      "title": "",
      "media_map_data": {
        
      },
      "string_map_data": {
        "Shared By": {
          "href": "https://www.instagram.com/reel/CTBNVhWDWK9/",
          "value": "mik.zenon",
          "timestamp": 1630531676
        }
      }
    },
    {
      "title": "",
      "media_map_data": {
        
      },
      "string_map_data": {
        "Shared By": {
          "href": "https://www.instagram.com/reel/CR-mdXODxWN/",
          "value": "mik.zenon",
          "timestamp": 1628216631
        }
      }
    },
    {
      "title": "",
      "media_map_data": {
        
      },
      "string_map_data": {
        "Shared By": {
          "href": "https://www.instagram.com/reel/CRziVGMAjpO/",
          "value": "luxuriousadvice",
          "timestamp": 1627800045
        }
      }
    },
    {
      "title": "",
      "media_map_data": {
        
      },
      "string_map_data": {
        "Shared By": {
          "href": "https://www.instagram.com/reel/CRRrQjoHIoq/",
          "value": "jerryjhlee",
          "timestamp": 1626286085
        }
      }
    },
    {
      "title": "",
      "media_map_data": {
        
      },
      "string_map_data": {
        "Shared By": {
          "href": "https://www.instagram.com/reel/CRUFobTHbsH/",
          "value": "jerryjhlee",
          "timestamp": 1626285852
        }
      }
    },
    {
      "title": "",
      "media_map_data": {
        
      },
      "string_map_data": {
        "Shared By": {
          "href": "https://www.instagram.com/reel/CQjJn4nHRG5/",
          "value": "jerryjhlee",
          "timestamp": 1624643824
        }
      }
    },
    {
      "title": "",
      "media_map_data": {
        
      },
      "string_map_data": {
        "Shared By": {
          "href": "https://www.instagram.com/reel/CPs9SpwFEdZ/",
          "value": "minecraftprimebuilds",
          "timestamp": 1624135932
        }
      }
    },
    {
      "title": "",
      "media_map_data": {
        
      },
      "string_map_data": {
        "Shared By": {
          "href": "https://www.instagram.com/reel/CQEc60Aljbs/",
          "value": "minecraftprimebuilds",
          "timestamp": 1624041479
        }
      }
    },
    {
      "title": "",
      "media_map_data": {
        
      },
      "string_map_data": {
        "Shared By": {
          "href": "https://www.instagram.com/reel/CPi4ynpj8G-/",
          "value": "herhelloworld",
          "timestamp": 1623571918
        }
      }
    },
    {
      "title": "",
      "media_map_data": {
        
      },
      "string_map_data": {
        "Shared By": {
          "href": "https://www.instagram.com/reel/CP4ecZdDLh9/",
          "value": "mik.zenon",
          "timestamp": 1623254229
        }
      }
    },
    {
      "title": "",
      "media_map_data": {
        
      },
      "string_map_data": {
        "Shared By": {
          "href": "https://www.instagram.com/reel/COzNbaBHbdy/",
          "value": "jerryjhlee",
          "timestamp": 1622320387
        }
      }
    },
    {
      "title": "",
      "media_map_data": {
        
      },
      "string_map_data": {
        "Shared By": {
          "href": "https://www.instagram.com/reel/COHOl9DjP3T/",
          "value": "mik.zenon",
          "timestamp": 1621316325
        }
      }
    },
    {
      "title": "",
      "media_map_data": {
        
      },
      "string_map_data": {
        "Shared By": {
          "href": "https://www.instagram.com/reel/CNc3gaIj3Mk/",
          "value": "mik.zenon",
          "timestamp": 1618035225
        }
      }
    },
    {
      "title": "",
      "media_map_data": {
        
      },
      "string_map_data": {
        "Shared By": {
          "href": "https://www.instagram.com/p/CMOFIP_j2eF/",
          "value": "mik.zenon",
          "timestamp": 1617429410
        }
      }
    },
    {
      "title": "",
      "media_map_data": {
        
      },
      "string_map_data": {
        "Shared By": {
          "href": "https://www.instagram.com/reel/CLXtEAHhV4w/",
          "value": "mik.zenon",
          "timestamp": 1616737132
        }
      }
    },
    {
      "title": "",
      "media_map_data": {
        
      },
      "string_map_data": {
        "Shared By": {
          "href": "https://www.instagram.com/reel/CLiQKEVjmtt/",
          "value": "mik.zenon",
          "timestamp": 1616737124
        }
      }
    },
    {
      "title": "",
      "media_map_data": {
        
      },
      "string_map_data": {
        "Shared By": {
          "href": "https://www.instagram.com/reel/CMx84AAD6Kl/",
          "value": "mik.zenon",
          "timestamp": 1616736960
        }
      }
    },
    {
      "title": "",
      "media_map_data": {
        
      },
      "string_map_data": {
        "Shared By": {
          "href": "https://www.instagram.com/reel/CLHDX3hpPps/",
          "value": "pubity",
          "timestamp": 1613200445
        }
      }
    },
    {
      "title": "",
      "media_map_data": {
        
      },
      "string_map_data": {
        "Shared By": {
          "href": "https://www.instagram.com/p/CKH-o6oD9E7/",
          "value": "student_aim",
          "timestamp": 1610858473
        }
      }
    },
    {
      "title": "",
      "media_map_data": {
        
      },
      "string_map_data": {
        "Shared By": {
          "href": "https://www.instagram.com/p/CIdzHwxDlmm/",
          "value": "student_aim",
          "timestamp": 1607285621
        }
      }
    },
    {
      "title": "",
      "media_map_data": {
        
      },
      "string_map_data": {
        "Shared By": {
          "href": "https://www.instagram.com/p/CIPEt0Gpxo-/",
          "value": "theuglysideoftumblr",
          "timestamp": 1606866465
        }
      }
    },
    {
      "title": "",
      "media_map_data": {
        
      },
      "string_map_data": {
        "Shared By": {
          "href": "https://www.instagram.com/p/CH6wdNArfGf/",
          "value": "appliedengineering73",
          "timestamp": 1606103344
        }
      }
    },
    {
      "title": "",
      "media_map_data": {
        
      },
      "string_map_data": {
        "Shared By": {
          "href": "https://www.instagram.com/p/BredB0VF_2R/",
          "value": "ftc_roboeclipse_11138",
          "timestamp": 1545321104
        }
      }
    }
  ]
}