{"stories": [{"caption": "", "taken_at": "2019-04-06T05:10:09+00:00", "path": "stories/201904/b9a90ca91937312bea739cb66ab2b9c7.jpg"}, {"caption": "Yay, we stripped a servo during robotics @ftc_roboeclipse_11138  @hansennansen", "taken_at": "2019-04-06T05:10:08+00:00", "path": "stories/201904/80251dd49e4203f5a43222348bdbb3bd.jpg"}, {"caption": "", "taken_at": "2019-04-05T02:26:27+00:00", "path": "stories/201904/b12705d9ab5e6d5035c624b38febc05e.jpg"}, {"caption": "@ftc_roboeclipse_11138 \n@spy061 \n@assassinmochi \n@elijamaica \n@hansennansen", "taken_at": "2019-03-24T23:32:13+00:00", "path": "stories/201903/4c76af9d9b44a72f14f2837c958fe083.jpg"}, {"caption": "Made it to World Competition FTC @ftc_roboeclipse_11138 \n@hansennansen \n@spy061 \n@elijamaica \n@assassinmochi", "taken_at": "2019-03-18T02:11:37+00:00", "path": "stories/201903/3ffb4fbd4e7287ed51b4f5cfadbe3470.jpg"}], "photos": [{"caption": "", "taken_at": "2019-03-27T00:12:04+00:00", "path": "photos/201903/8644e8e85de9d80915ede67f18ebc018.jpg"}, {"caption": "", "taken_at": "2019-03-27T00:12:04+00:00", "path": "photos/201903/628ee9f9068b4c692e6039820d0da4ee.jpg"}, {"caption": "Cancun Mexico", "taken_at": "2018-12-28T17:52:36+00:00", "path": "photos/201812/eccf69d16fa2268034aada9e4f23d3d4.jpg"}, {"caption": "Cancun Mexico", "taken_at": "2018-12-28T17:52:35+00:00", "path": "photos/201812/25bb3b1da9e147335c0b973132dfb68e.jpg"}, {"caption": "Cancun Mexico", "taken_at": "2018-12-28T17:52:35+00:00", "path": "photos/201812/ad61e1cb89f17b09b7539130b9ed1830.jpg"}, {"caption": "Cancun Mexico", "taken_at": "2018-12-28T17:52:35+00:00", "path": "photos/201812/b9f6513457dd7d33ca674a7565b89f6f.jpg"}, {"caption": "Cancun Mexico", "taken_at": "2018-12-28T17:52:34+00:00", "path": "photos/201812/b23bb225f14d16e9a27d398076d0ce51.jpg"}, {"caption": "Cancun Mexico", "taken_at": "2018-12-28T17:52:35+00:00", "path": "photos/201812/249c12e6f75bfd8df10ab45731b85de1.jpg"}, {"caption": "Plane to Cancun", "taken_at": "2018-12-22T01:03:14+00:00", "path": "photos/201812/3baf5369cf948eca17c779b65d37dfd0.jpg"}, {"caption": "Shanghai at night", "taken_at": "2018-11-28T02:08:45+00:00", "location": "Shanghai, China", "path": "photos/201811/a7fbbb7e885e37d4ff99b9cf0ddd0506.jpg"}], "profile": [{"caption": "", "taken_at": "2018-11-20T01:49:29+00:00", "is_active_profile": true, "path": "profile/201811/f71fc5d4b58eeeebd93a7a9ac06a0d01.jpg"}], "direct": [{"taken_at": "2018-12-01T18:05:02.592929+00:00", "path": "direct/201812/b23b1be2bc423cb48204e278c506aa11.jpg"}, {"taken_at": "2019-05-05T23:09:13.880075+00:00", "path": "direct/201905/16eb9239fcab3bc3dc70c5cda227dc0f.jpg"}, {"taken_at": "2019-03-26T00:21:38.968947+00:00", "path": "direct/201903/168dc52919a184d0775a9a9f7ff8e6e7.jpg"}, {"taken_at": "2019-03-26T00:21:38.305285+00:00", "path": "direct/201903/9c96d4481390486ea57525e2fd71cd87.jpg"}, {"taken_at": "2019-01-19T04:29:02.559929+00:00", "path": "direct/201901/660bae4d36decc70fb95bd896855d3f6.jpg"}]}