{"chaining_seen": [{"timestamp": "2020-07-21T03:04:20+00:00", "username": "peter.lee04"}, {"timestamp": "2019-03-19T21:32:26+00:00", "username": "vivkhuu"}, {"timestamp": "2019-03-19T21:31:15+00:00", "username": "annabeldauphiny"}, {"timestamp": "2019-03-19T21:30:29+00:00", "username": "hulu_the_cat"}, {"timestamp": "2019-03-19T21:29:19+00:00", "username": "jf_poppin"}, {"timestamp": "2019-03-19T21:27:48+00:00", "username": "eliot_le_fromage"}, {"timestamp": "2019-03-19T21:27:48+00:00", "username": "_gaurigupta"}, {"timestamp": "2019-03-16T23:59:41+00:00", "username": "iwaizumisgorillagriptoes"}, {"timestamp": "2019-03-16T23:30:06+00:00", "username": "eddy_adventure"}, {"timestamp": "2019-03-16T23:30:06+00:00", "username": "classicfm"}, {"timestamp": "2019-03-16T23:23:52+00:00", "username": "medeenasibproject"}, {"timestamp": "2019-03-16T23:23:46+00:00", "username": "brettybang"}, {"timestamp": "2019-03-16T23:18:20+00:00", "username": "i.t.s.a.m.b.e.r"}, {"timestamp": "2019-03-16T21:50:14+00:00", "username": "eeshacantspam"}, {"timestamp": "2019-03-16T21:48:13+00:00", "username": "richard_was_here__"}, {"timestamp": "2019-03-15T01:18:42+00:00", "username": "ishikajuice"}, {"timestamp": "2019-03-04T01:12:13+00:00", "username": "cold_dew1090"}, {"timestamp": "2019-03-04T01:09:30+00:00", "username": "keepingupwtaj"}, {"timestamp": "2019-03-03T00:41:34+00:00", "username": "ns_ling"}, {"timestamp": "2019-03-02T01:21:40+00:00", "username": "thegreenestberg"}, {"timestamp": "2019-01-24T03:47:44+00:00", "username": "serenananananaa"}, {"timestamp": "2019-01-18T03:00:18+00:00", "username": "alec_chulsky"}, {"timestamp": "2019-01-12T00:41:40+00:00", "username": "natalienutella1414"}, {"timestamp": "2019-01-12T00:38:55+00:00", "username": "merandawang"}, {"timestamp": "2018-12-23T16:07:12+00:00", "username": "thecloutboiioof"}, {"timestamp": "2018-12-12T02:49:37+00:00", "username": "aamberrsspamm"}, {"timestamp": "2018-12-01T23:48:45+00:00", "username": "sanya.tiwana"}, {"timestamp": "2018-12-01T02:25:24+00:00", "username": "autozms"}, {"timestamp": "2018-11-30T16:15:10+00:00", "username": "eden.poon"}, {"timestamp": "2018-11-30T16:11:43+00:00", "username": "nathan.kwonr"}, {"timestamp": "2018-11-30T16:11:30+00:00", "username": "lilmeowy_"}, {"timestamp": "2018-11-30T05:29:44+00:00", "username": "therock"}, {"timestamp": "2018-11-30T05:01:11+00:00", "username": "frc_drillbits"}, {"timestamp": "2018-11-30T01:37:58+00:00", "username": "professionalbuttscoocher"}, {"timestamp": "2018-11-27T18:17:55+00:00", "username": "klutewithabootie"}, {"timestamp": "2018-11-26T20:03:28+00:00", "username": "blitchcore"}, {"timestamp": "2018-11-26T06:02:51+00:00", "username": "daniels_kookie"}, {"timestamp": "2018-11-25T21:25:22+00:00", "username": "nqrtonw"}, {"timestamp": "2018-11-24T05:36:17+00:00", "username": "sekoszu"}, {"timestamp": "2018-11-24T02:50:01+00:00", "username": "thejazzyhatsaa"}, {"timestamp": "2018-11-23T02:01:32+00:00", "username": "j.an.elle"}], "ads_seen": [{"timestamp": "2020-11-29T06:33:27+00:00", "author": "poshseattle"}, {"timestamp": "2020-11-29T06:34:59+00:00", "author": "bellevuemassageschool6257"}, {"timestamp": "2020-11-29T06:35:49+00:00", "author": "karlawhitbecklicensedmassa5005"}, {"timestamp": "2020-11-29T06:36:33+00:00", "author": "theempressestateweddingvenue"}, {"timestamp": "2020-11-29T06:37:30+00:00", "author": "rebelwilson"}, {"timestamp": "2020-11-29T06:37:41+00:00", "author": "dougsmazda"}, {"timestamp": "2020-11-25T06:39:25+00:00", "author": "mcarthurjoseph"}, {"timestamp": "2020-11-25T06:39:37+00:00", "author": "76"}, {"timestamp": "2020-11-25T06:40:11+00:00", "author": "ubereats"}, {"timestamp": "2020-11-25T06:40:23+00:00", "author": "coldspotforhealthypets"}, {"timestamp": "2020-11-25T06:36:40+00:00", "author": "enumclawsalespavilion1169"}], "posts_seen": [{"timestamp": "2020-12-01T18:17:20+00:00", "author": "spam.magss"}, {"timestamp": "2020-11-29T06:33:24+00:00", "author": "julgu_"}, {"timestamp": "2020-11-30T16:52:01+00:00", "author": "oviya.art"}, {"timestamp": "2020-11-30T16:52:06+00:00", "author": "_alexban_"}, {"timestamp": "2020-11-30T16:52:11+00:00", "author": "keira.villescas"}, {"timestamp": "2020-11-30T16:52:06+00:00", "author": "saiamitha16"}, {"timestamp": "2020-11-30T16:52:06+00:00", "author": "appliedengineering73"}, {"timestamp": "2020-11-25T06:36:47+00:00", "author": "spam.magss"}, {"timestamp": "2020-11-29T06:33:29+00:00", "author": "xinelie"}, {"timestamp": "2020-11-29T06:34:59+00:00", "author": "mashewcashew"}, {"timestamp": "2020-11-29T06:34:59+00:00", "author": "_ewwwwitsanannya"}, {"timestamp": "2020-11-29T06:34:59+00:00", "author": "oviyakrishnan"}, {"timestamp": "2020-11-29T06:35:02+00:00", "author": "matthewcasheww"}, {"timestamp": "2020-11-29T06:35:19+00:00", "author": "brennan.voss"}, {"timestamp": "2020-11-29T06:35:19+00:00", "author": "juules.tm"}, {"timestamp": "2020-11-29T06:35:20+00:00", "author": "avatar.hype.house"}, {"timestamp": "2020-11-29T06:35:51+00:00", "author": "catalina.leilani"}, {"timestamp": "2020-11-29T06:36:33+00:00", "author": "v4913theaopser"}, {"timestamp": "2020-11-29T06:36:33+00:00", "author": "fr0sted.c0okii"}, {"timestamp": "2020-11-29T06:36:33+00:00", "author": "appliedengineering73"}, {"timestamp": "2020-11-29T06:36:39+00:00", "author": "mags.yan"}, {"timestamp": "2020-11-29T06:37:30+00:00", "author": "sanya.tiwana"}, {"timestamp": "2020-11-29T06:37:28+00:00", "author": "miawchen_"}, {"timestamp": "2020-11-29T06:37:28+00:00", "author": "appliedengineering73"}, {"timestamp": "2020-11-29T06:37:32+00:00", "author": "brennan.voss"}, {"timestamp": "2020-11-29T06:37:35+00:00", "author": "avatar.hype.house"}, {"timestamp": "2020-11-29T06:37:41+00:00", "author": "avatar.hype.house"}, {"timestamp": "2020-11-25T06:36:47+00:00", "author": "mashewcashew"}, {"timestamp": "2020-11-25T06:36:47+00:00", "author": "cheesy.chickens"}, {"timestamp": "2020-11-25T06:38:08+00:00", "author": "a_linear_line"}, {"timestamp": "2020-11-25T06:38:05+00:00", "author": "newport_more_memes"}, {"timestamp": "2020-11-25T06:38:05+00:00", "author": "kenzbw"}, {"timestamp": "2020-11-25T06:38:51+00:00", "author": "newport_more_memes"}, {"timestamp": "2020-11-25T06:38:51+00:00", "author": "lmckinley.28"}, {"timestamp": "2020-11-25T06:38:51+00:00", "author": "lmckinley.28"}, {"timestamp": "2020-11-25T06:38:51+00:00", "author": "g0od.l3oy"}, {"timestamp": "2020-11-25T06:39:03+00:00", "author": "jarjarlin_25"}, {"timestamp": "2020-11-25T06:39:03+00:00", "author": "appliedengineering73"}, {"timestamp": "2020-11-25T06:39:25+00:00", "author": "thejasonpaul"}, {"timestamp": "2020-11-25T06:39:25+00:00", "author": "porter_puppers"}, {"timestamp": "2020-11-25T06:39:28+00:00", "author": "harvard"}, {"timestamp": "2020-11-25T06:39:30+00:00", "author": "worldanimalnews_"}, {"timestamp": "2020-11-25T06:39:37+00:00", "author": "student_aim"}, {"timestamp": "2020-11-25T06:39:36+00:00", "author": "worldanimalnews_"}, {"timestamp": "2020-11-25T06:39:50+00:00", "author": "appliedengineering73"}, {"timestamp": "2020-11-25T06:40:11+00:00", "author": "stanford"}, {"timestamp": "2020-11-25T06:40:11+00:00", "author": "avatar.hype.house"}, {"timestamp": "2020-11-25T06:40:11+00:00", "author": "appliedengineering73"}, {"timestamp": "2020-11-25T06:40:16+00:00", "author": "riceuniversity"}, {"timestamp": "2020-11-25T06:40:17+00:00", "author": "mitpics"}, {"timestamp": "2020-11-25T06:40:23+00:00", "author": "wildlifesos"}, {"timestamp": "2020-11-25T06:40:23+00:00", "author": "yale"}, {"timestamp": "2020-11-25T06:40:33+00:00", "author": "zuko._uwu"}, {"timestamp": "2020-11-25T06:36:40+00:00", "author": "appliedengineering73"}, {"timestamp": "2020-11-25T06:36:40+00:00", "author": "mitpics"}, {"timestamp": "2020-11-25T06:36:40+00:00", "author": "appliedengineering73"}, {"timestamp": "2020-11-25T06:36:40+00:00", "author": "untalent_memes"}, {"timestamp": "2020-11-25T06:36:40+00:00", "author": "worldanimalnews_"}, {"timestamp": "2020-11-25T06:36:40+00:00", "author": "worldanimalnews_"}, {"timestamp": "2020-11-25T06:36:40+00:00", "author": "wildlifesos"}, {"timestamp": "2020-11-25T06:36:40+00:00", "author": "student_aim"}, {"timestamp": "2020-11-25T06:36:40+00:00", "author": "cornelluniversity"}], "videos_watched": [{"timestamp": "2020-12-01T18:17:20+00:00", "author": "spam.magss"}, {"timestamp": "2020-11-25T06:36:47+00:00", "author": "cheesy.chickens"}, {"timestamp": "2020-11-25T06:39:50+00:00", "author": "appliedengineering73"}, {"timestamp": "2020-11-25T06:40:11+00:00", "author": "appliedengineering73"}, {"timestamp": "2020-11-25T06:40:25+00:00", "author": "stanford"}, {"timestamp": "2020-11-25T06:39:36+00:00", "author": "worldanimalnews_"}, {"timestamp": "2020-11-29T06:37:28+00:00", "author": "fr0sted.c0okii"}, {"timestamp": "2020-11-29T06:37:28+00:00", "author": "fr0sted.c0okii"}, {"timestamp": "2020-11-29T06:37:28+00:00", "author": "juules.tm"}, {"timestamp": "2020-11-29T06:37:28+00:00", "author": "_ewwwwitsanannya"}, {"timestamp": "2020-11-25T06:36:40+00:00", "author": "appliedengineering73"}, {"timestamp": "2020-11-25T06:36:40+00:00", "author": "worldanimalnews_"}, {"timestamp": "2020-11-25T06:36:40+00:00", "author": "cornelluniversity"}, {"timestamp": "2020-11-25T06:38:05+00:00", "author": "kenzbw"}, {"timestamp": "2020-11-25T06:39:36+00:00", "author": "jarjarlin_25"}]}