{
  "profile_user": [
    {
      "title": "User Information",
      "media_map_data": {
        "Profile Photo": {
          "uri": "media/profile/201811/45761112_484391725402462_5816887411149373440_n_18001789231038117.jpg",
          "creation_timestamp": 1542678569,
          "title": ""
        }
      },
      "string_map_data": {
        "Email": {
          "href": "",
          "value": "ericsuper@outlook.com",
          "timestamp": 0
        },
        "Phone Confirmed": {
          "href": "",
          "value": "False",
          "timestamp": 0
        },
        "Username": {
          "href": "",
          "value": "ericzhouez",
          "timestamp": 0
        },
        "Name": {
          "href": "",
          "value": "Eric Zhou",
          "timestamp": 0
        },
        "Bio": {
          "href": "",
          "value": "He/him\nEPS \u00e2\u0080\u009823",
          "timestamp": 0
        },
        "Gender": {
          "href": "",
          "value": "male",
          "timestamp": 0
        },
        "Date of birth": {
          "href": "",
          "value": "2005-05-05",
          "timestamp": 0
        },
        "Private Account": {
          "href": "",
          "value": "True",
          "timestamp": 0
        }
      }
    }
  ]
}