{
  "profile_profile_change": [
    {
      "title": "Profile Change",
      "media_map_data": {
        
      },
      "string_map_data": {
        "Changed": {
          "href": "",
          "value": "Profile Bio Link",
          "timestamp": 0
        },
        "Previous Value": {
          "href": "",
          "value": "",
          "timestamp": 0
        },
        "New Value": {
          "href": "",
          "value": "https://www.gofundme.com/propelling-robo-eclipse-to-houston",
          "timestamp": 0
        },
        "Change Date": {
          "href": "",
          "value": "",
          "timestamp": 1553470018
        }
      }
    },
    {
      "title": "Profile Change",
      "media_map_data": {
        
      },
      "string_map_data": {
        "Changed": {
          "href": "",
          "value": "Profile Bio Link",
          "timestamp": 0
        },
        "Previous Value": {
          "href": "",
          "value": "https://www.gofundme.com/propelling-robo-eclipse-to-houston",
          "timestamp": 0
        },
        "New Value": {
          "href": "",
          "value": "",
          "timestamp": 0
        },
        "Change Date": {
          "href": "",
          "value": "",
          "timestamp": 1556510253
        }
      }
    },
    {
      "title": "Profile Change",
      "media_map_data": {
        
      },
      "string_map_data": {
        "Changed": {
          "href": "",
          "value": "Profile Bio Text",
          "timestamp": 0
        },
        "Previous Value": {
          "href": "",
          "value": "",
          "timestamp": 0
        },
        "New Value": {
          "href": "",
          "value": "EPS",
          "timestamp": 0
        },
        "Change Date": {
          "href": "",
          "value": "",
          "timestamp": 1565886168
        }
      }
    },
    {
      "title": "Profile Change",
      "media_map_data": {
        
      },
      "string_map_data": {
        "Changed": {
          "href": "",
          "value": "Profile Bio Text",
          "timestamp": 0
        },
        "Previous Value": {
          "href": "",
          "value": "EPS",
          "timestamp": 0
        },
        "New Value": {
          "href": "",
          "value": "EPS 2023",
          "timestamp": 0
        },
        "Change Date": {
          "href": "",
          "value": "",
          "timestamp": 1594618153
        }
      }
    },
    {
      "title": "Profile Change",
      "media_map_data": {
        
      },
      "string_map_data": {
        "Changed": {
          "href": "",
          "value": "Profile Bio Text",
          "timestamp": 0
        },
        "Previous Value": {
          "href": "",
          "value": "EPS 2023",
          "timestamp": 0
        },
        "New Value": {
          "href": "",
          "value": "He/him\nEPS 23\u00e2\u0080\u0099",
          "timestamp": 0
        },
        "Change Date": {
          "href": "",
          "value": "",
          "timestamp": 1602967891
        }
      }
    },
    {
      "title": "Profile Change",
      "media_map_data": {
        
      },
      "string_map_data": {
        "Changed": {
          "href": "",
          "value": "Profile Bio Text",
          "timestamp": 0
        },
        "Previous Value": {
          "href": "",
          "value": "He/him\nEPS 23\u00e2\u0080\u0099",
          "timestamp": 0
        },
        "New Value": {
          "href": "",
          "value": "He/him\nEPS \u00e2\u0080\u009823",
          "timestamp": 0
        },
        "Change Date": {
          "href": "",
          "value": "",
          "timestamp": 1602967916
        }
      }
    }
  ]
}