{
  "account_history_login_history": [
    {
      "title": "2022-03-15T04:21:06+00:00",
      "media_map_data": {
        
      },
      "string_map_data": {
        "Cookie Name": {
          "href": "",
          "value": "*************************fwZ",
          "timestamp": 0
        },
        "IP Address": {
          "href": "",
          "value": "2601:600:9e7f:800:1463:8f94:f253:a1e7",
          "timestamp": 0
        },
        "Language Code": {
          "href": "",
          "value": "en",
          "timestamp": 0
        },
        "Time": {
          "href": "",
          "value": "",
          "timestamp": 1647318066
        },
        "User Agent": {
          "href": "",
          "value": "Mozilla/5.0 (Windows NT 10.0; Win64; x64) AppleWebKit/537.36 (KHTML, like Gecko) Chrome/98.0.4758.102 Safari/537.36",
          "timestamp": 0
        }
      }
    },
    {
      "title": "2021-03-17T17:15:23+00:00",
      "media_map_data": {
        
      },
      "string_map_data": {
        "Cookie Name": {
          "href": "",
          "value": "*************************Qv4",
          "timestamp": 0
        },
        "IP Address": {
          "href": "",
          "value": "2601:600:9e7f:ca90:6d06:57e1:c98b:f2ec",
          "timestamp": 0
        },
        "Language Code": {
          "href": "",
          "value": "en",
          "timestamp": 0
        },
        "Time": {
          "href": "",
          "value": "",
          "timestamp": 1616001323
        },
        "User Agent": {
          "href": "",
          "value": "Mozilla/5.0 (Windows NT 10.0; Win64; x64) AppleWebKit/537.36 (KHTML, like Gecko) Chrome/89.0.4389.72 Safari/537.36",
          "timestamp": 0
        }
      }
    },
    {
      "title": "2021-03-17T17:14:13+00:00",
      "media_map_data": {
        
      },
      "string_map_data": {
        "Cookie Name": {
          "href": "",
          "value": "*************************LYy",
          "timestamp": 0
        },
        "IP Address": {
          "href": "",
          "value": "2601:600:9e7f:ca90:6d06:57e1:c98b:f2ec",
          "timestamp": 0
        },
        "Language Code": {
          "href": "",
          "value": "en",
          "timestamp": 0
        },
        "Time": {
          "href": "",
          "value": "",
          "timestamp": 1616001253
        },
        "User Agent": {
          "href": "",
          "value": "Mozilla/5.0 (Windows NT 10.0; Win64; x64) AppleWebKit/537.36 (KHTML, like Gecko) Chrome/70.0.3538.102 Safari/537.36 Edge/18.18362",
          "timestamp": 0
        }
      }
    },
    {
      "title": "2021-03-06T19:43:15+00:00",
      "media_map_data": {
        
      },
      "string_map_data": {
        "Cookie Name": {
          "href": "",
          "value": "*************************8qG",
          "timestamp": 0
        },
        "IP Address": {
          "href": "",
          "value": "2601:600:9e7f:ca90:ed73:5602:ecd8:cd3b",
          "timestamp": 0
        },
        "Language Code": {
          "href": "",
          "value": "en",
          "timestamp": 0
        },
        "Time": {
          "href": "",
          "value": "",
          "timestamp": 1615059795
        },
        "User Agent": {
          "href": "",
          "value": "Mozilla/5.0 (iPhone; CPU iPhone OS 14_2 like Mac OS X) AppleWebKit/605.1.15 (KHTML, like Gecko) Mobile/15E148",
          "timestamp": 0
        }
      }
    },
    {
      "title": "2020-12-01T19:26:25+00:00",
      "media_map_data": {
        
      },
      "string_map_data": {
        "Cookie Name": {
          "href": "",
          "value": "*************************pad",
          "timestamp": 0
        },
        "IP Address": {
          "href": "",
          "value": "2601:600:9e7f:ca90:8dbe:18d3:a2e1:ca41",
          "timestamp": 0
        },
        "Language Code": {
          "href": "",
          "value": "en",
          "timestamp": 0
        },
        "Time": {
          "href": "",
          "value": "",
          "timestamp": 1606850785
        },
        "User Agent": {
          "href": "",
          "value": "Mozilla/5.0 (Windows NT 10.0; Win64; x64) AppleWebKit/537.36 (KHTML, like Gecko) Chrome/87.0.4280.66 Safari/537.36",
          "timestamp": 0
        }
      }
    },
    {
      "title": "2020-12-01T19:24:44+00:00",
      "media_map_data": {
        
      },
      "string_map_data": {
        "Cookie Name": {
          "href": "",
          "value": "*************************pad",
          "timestamp": 0
        },
        "IP Address": {
          "href": "",
          "value": "2601:600:9e7f:ca90:8dbe:18d3:a2e1:ca41",
          "timestamp": 0
        },
        "Language Code": {
          "href": "",
          "value": "en",
          "timestamp": 0
        },
        "Time": {
          "href": "",
          "value": "",
          "timestamp": 1606850684
        },
        "User Agent": {
          "href": "",
          "value": "Mozilla/5.0 (Windows NT 10.0; Win64; x64) AppleWebKit/537.36 (KHTML, like Gecko) Chrome/87.0.4280.66 Safari/537.36",
          "timestamp": 0
        }
      }
    },
    {
      "title": "2020-12-01T18:17:12+00:00",
      "media_map_data": {
        
      },
      "string_map_data": {
        "Cookie Name": {
          "href": "",
          "value": "*************************pad",
          "timestamp": 0
        },
        "IP Address": {
          "href": "",
          "value": "2601:600:9e7f:ca90:8dbe:18d3:a2e1:ca41",
          "timestamp": 0
        },
        "Language Code": {
          "href": "",
          "value": "en",
          "timestamp": 0
        },
        "Time": {
          "href": "",
          "value": "",
          "timestamp": 1606846632
        },
        "User Agent": {
          "href": "",
          "value": "Mozilla/5.0 (Windows NT 10.0; Win64; x64) AppleWebKit/537.36 (KHTML, like Gecko) Chrome/87.0.4280.66 Safari/537.36",
          "timestamp": 0
        }
      }
    },
    {
      "title": "2019-10-28T21:33:05+00:00",
      "media_map_data": {
        
      },
      "string_map_data": {
        "Cookie Name": {
          "href": "",
          "value": "*************************sln",
          "timestamp": 0
        },
        "IP Address": {
          "href": "",
          "value": "209.210.62.36",
          "timestamp": 0
        },
        "Language Code": {
          "href": "",
          "value": "en",
          "timestamp": 0
        },
        "Time": {
          "href": "",
          "value": "",
          "timestamp": 1572298385
        },
        "User Agent": {
          "href": "",
          "value": "Mozilla/5.0 (Windows NT 10.0; Win64; x64) AppleWebKit/537.36 (KHTML, like Gecko) Chrome/77.0.3865.120 Safari/537.36",
          "timestamp": 0
        }
      }
    },
    {
      "title": "2019-08-22T22:34:59+00:00",
      "media_map_data": {
        
      },
      "string_map_data": {
        "Cookie Name": {
          "href": "",
          "value": "*************************GPs",
          "timestamp": 0
        },
        "IP Address": {
          "href": "",
          "value": "2601:603:f80:2560:dbd:cc6c:d403:a5a1",
          "timestamp": 0
        },
        "Language Code": {
          "href": "",
          "value": "en",
          "timestamp": 0
        },
        "Time": {
          "href": "",
          "value": "",
          "timestamp": 1566513299
        },
        "User Agent": {
          "href": "",
          "value": "Mozilla/5.0 (iPhone; CPU iPhone OS 12_4 like Mac OS X) AppleWebKit/605.1.15 (KHTML, like Gecko) Mobile/15E148",
          "timestamp": 0
        }
      }
    },
    {
      "title": "2019-08-11T22:33:23+00:00",
      "media_map_data": {
        
      },
      "string_map_data": {
        "Cookie Name": {
          "href": "",
          "value": "*************************GPs",
          "timestamp": 0
        },
        "IP Address": {
          "href": "",
          "value": "2601:603:f80:2560:41f7:861d:2b98:c2bf",
          "timestamp": 0
        },
        "Language Code": {
          "href": "",
          "value": "en",
          "timestamp": 0
        },
        "Time": {
          "href": "",
          "value": "",
          "timestamp": 1565562803
        },
        "User Agent": {
          "href": "",
          "value": "Mozilla/5.0 (iPhone; CPU iPhone OS 12_3_1 like Mac OS X) AppleWebKit/605.1.15 (KHTML, like Gecko) Mobile/15E148",
          "timestamp": 0
        }
      }
    },
    {
      "title": "2019-08-09T14:49:32+00:00",
      "media_map_data": {
        
      },
      "string_map_data": {
        "Cookie Name": {
          "href": "",
          "value": "*************************GPs",
          "timestamp": 0
        },
        "IP Address": {
          "href": "",
          "value": "157.230.166.38",
          "timestamp": 0
        },
        "Language Code": {
          "href": "",
          "value": "en",
          "timestamp": 0
        },
        "Time": {
          "href": "",
          "value": "",
          "timestamp": 1565362172
        },
        "User Agent": {
          "href": "",
          "value": "Mozilla/5.0 (iPhone; CPU iPhone OS 12_3_1 like Mac OS X) AppleWebKit/605.1.15 (KHTML, like Gecko) Mobile/15E148",
          "timestamp": 0
        }
      }
    },
    {
      "title": "2019-07-29T09:24:06+00:00",
      "media_map_data": {
        
      },
      "string_map_data": {
        "Cookie Name": {
          "href": "",
          "value": "*************************GPs",
          "timestamp": 0
        },
        "IP Address": {
          "href": "",
          "value": "192.155.83.52",
          "timestamp": 0
        },
        "Language Code": {
          "href": "",
          "value": "en",
          "timestamp": 0
        },
        "Time": {
          "href": "",
          "value": "",
          "timestamp": 1564392246
        },
        "User Agent": {
          "href": "",
          "value": "Mozilla/5.0 (iPhone; CPU iPhone OS 12_3_1 like Mac OS X) AppleWebKit/605.1.15 (KHTML, like Gecko) Mobile/15E148",
          "timestamp": 0
        }
      }
    },
    {
      "title": "2019-07-06T23:09:49+00:00",
      "media_map_data": {
        
      },
      "string_map_data": {
        "Cookie Name": {
          "href": "",
          "value": "*************************rOc",
          "timestamp": 0
        },
        "IP Address": {
          "href": "",
          "value": "2601:603:f80:2560:b181:a51c:1960:328a",
          "timestamp": 0
        },
        "Language Code": {
          "href": "",
          "value": "en",
          "timestamp": 0
        },
        "Time": {
          "href": "",
          "value": "",
          "timestamp": 1562454589
        },
        "User Agent": {
          "href": "",
          "value": "Mozilla/5.0 (iPhone; CPU iPhone OS 12_3_1 like Mac OS X) AppleWebKit/605.1.15 (KHTML, like Gecko) Mobile/15E148",
          "timestamp": 0
        }
      }
    },
    {
      "title": "2019-06-26T19:04:43+00:00",
      "media_map_data": {
        
      },
      "string_map_data": {
        "Cookie Name": {
          "href": "",
          "value": "*************************7wv",
          "timestamp": 0
        },
        "IP Address": {
          "href": "",
          "value": "2601:603:f80:2560:b167:925c:3066:9422",
          "timestamp": 0
        },
        "Language Code": {
          "href": "",
          "value": "en",
          "timestamp": 0
        },
        "Time": {
          "href": "",
          "value": "",
          "timestamp": 1561575883
        },
        "User Agent": {
          "href": "",
          "value": "Mozilla/5.0 (iPhone; CPU iPhone OS 12_3_1 like Mac OS X) AppleWebKit/605.1.15 (KHTML, like Gecko) Mobile/15E148",
          "timestamp": 0
        }
      }
    },
    {
      "title": "2019-04-21T18:45:58+00:00",
      "media_map_data": {
        
      },
      "string_map_data": {
        "Cookie Name": {
          "href": "",
          "value": "*************************XoP",
          "timestamp": 0
        },
        "IP Address": {
          "href": "",
          "value": "2600:387:4:803::c1",
          "timestamp": 0
        },
        "Language Code": {
          "href": "",
          "value": "en",
          "timestamp": 0
        },
        "Time": {
          "href": "",
          "value": "",
          "timestamp": 1555872358
        },
        "User Agent": {
          "href": "",
          "value": "Instagram 64.0.0.14.96 Android (23/6.0.1; 640dpi; 1440x2560; samsung; SM-G935F; hero2lte; samsungexynos8890; en_US; 125398467",
          "timestamp": 0
        }
      }
    },
    {
      "title": "2019-01-03T21:49:29+00:00",
      "media_map_data": {
        
      },
      "string_map_data": {
        "Cookie Name": {
          "href": "",
          "value": "*************************ChF",
          "timestamp": 0
        },
        "IP Address": {
          "href": "",
          "value": "24.16.153.185",
          "timestamp": 0
        },
        "Language Code": {
          "href": "",
          "value": "en",
          "timestamp": 0
        },
        "Time": {
          "href": "",
          "value": "",
          "timestamp": 1546552169
        },
        "User Agent": {
          "href": "",
          "value": "Mozilla/5.0 (Windows NT 10.0; Win64; x64) AppleWebKit/537.36 (KHTML, like Gecko) Chrome/71.0.3578.98 Safari/537.36",
          "timestamp": 0
        }
      }
    },
    {
      "title": "2019-01-03T18:51:54+00:00",
      "media_map_data": {
        
      },
      "string_map_data": {
        "Cookie Name": {
          "href": "",
          "value": "*************************ssk",
          "timestamp": 0
        },
        "IP Address": {
          "href": "",
          "value": "24.16.153.185",
          "timestamp": 0
        },
        "Language Code": {
          "href": "",
          "value": "en",
          "timestamp": 0
        },
        "Time": {
          "href": "",
          "value": "",
          "timestamp": 1546541514
        },
        "User Agent": {
          "href": "",
          "value": "Mozilla/5.0 (Windows NT 10.0; Win64; x64) AppleWebKit/537.36 (KHTML, like Gecko) Chrome/71.0.3578.98 Safari/537.36",
          "timestamp": 0
        }
      }
    },
    {
      "title": "2018-11-20T01:33:25+00:00",
      "media_map_data": {
        
      },
      "string_map_data": {
        "Cookie Name": {
          "href": "",
          "value": "*************************hS8",
          "timestamp": 0
        },
        "IP Address": {
          "href": "",
          "value": "2601:603:f80:2560:7495:9027:1d44:398d",
          "timestamp": 0
        },
        "Language Code": {
          "href": "",
          "value": "en",
          "timestamp": 0
        },
        "Time": {
          "href": "",
          "value": "",
          "timestamp": 1542677605
        },
        "User Agent": {
          "href": "",
          "value": "Instagram 72.0.0.20.101 (iPhone9,1; iOS 12_1; en_US; en-US; scale=2.34; gamut=wide; 750x1331; 131642248) AppleWebKit/420+",
          "timestamp": 0
        }
      }
    },
    {
      "title": "2018-11-18T05:44:28+00:00",
      "media_map_data": {
        
      },
      "string_map_data": {
        "Cookie Name": {
          "href": "",
          "value": "*************************yIF",
          "timestamp": 0
        },
        "IP Address": {
          "href": "",
          "value": "24.16.153.185",
          "timestamp": 0
        },
        "Language Code": {
          "href": "",
          "value": "en",
          "timestamp": 0
        },
        "Time": {
          "href": "",
          "value": "",
          "timestamp": 1542519868
        },
        "User Agent": {
          "href": "",
          "value": "Mozilla/5.0 (Windows NT 10.0; Win64; x64) AppleWebKit/537.36 (KHTML, like Gecko) Chrome/70.0.3538.102 Safari/537.36",
          "timestamp": 0
        }
      }
    },
    {
      "title": "2018-11-17T01:04:45+00:00",
      "media_map_data": {
        
      },
      "string_map_data": {
        "Cookie Name": {
          "href": "",
          "value": "*************************zUf",
          "timestamp": 0
        },
        "IP Address": {
          "href": "",
          "value": "2601:603:f80:2560:78a0:1069:278b:ba55",
          "timestamp": 0
        },
        "Language Code": {
          "href": "",
          "value": "en",
          "timestamp": 0
        },
        "Time": {
          "href": "",
          "value": "",
          "timestamp": 1542416685
        },
        "User Agent": {
          "href": "",
          "value": "Mozilla/5.0 (Windows NT 10.0; Win64; x64) AppleWebKit/537.36 (KHTML, like Gecko) Chrome/70.0.3538.102 Safari/537.36",
          "timestamp": 0
        }
      }
    },
    {
      "title": "2018-11-16T03:48:40+00:00",
      "media_map_data": {
        
      },
      "string_map_data": {
        "Cookie Name": {
          "href": "",
          "value": "*************************3l5",
          "timestamp": 0
        },
        "IP Address": {
          "href": "",
          "value": "2601:603:f80:2560:1d99:7971:5095:b825",
          "timestamp": 0
        },
        "Language Code": {
          "href": "",
          "value": "en",
          "timestamp": 0
        },
        "Time": {
          "href": "",
          "value": "",
          "timestamp": 1542340120
        },
        "User Agent": {
          "href": "",
          "value": "Mozilla/5.0 (Windows NT 10.0; Win64; x64) AppleWebKit/537.36 (KHTML, like Gecko) Chrome/70.0.3538.102 Safari/537.36",
          "timestamp": 0
        }
      }
    },
    {
      "title": "2018-11-15T05:50:46+00:00",
      "media_map_data": {
        
      },
      "string_map_data": {
        "Cookie Name": {
          "href": "",
          "value": "*************************vbe",
          "timestamp": 0
        },
        "IP Address": {
          "href": "",
          "value": "2601:603:f80:2560:f497:a68c:7278:f133",
          "timestamp": 0
        },
        "Language Code": {
          "href": "",
          "value": "en",
          "timestamp": 0
        },
        "Time": {
          "href": "",
          "value": "",
          "timestamp": 1542261046
        },
        "User Agent": {
          "href": "",
          "value": "Mozilla/5.0 (Windows NT 10.0; Win64; x64) AppleWebKit/537.36 (KHTML, like Gecko) Chrome/70.0.3538.102 Safari/537.36",
          "timestamp": 0
        }
      }
    },
    {
      "title": "2018-11-15T05:20:39+00:00",
      "media_map_data": {
        
      },
      "string_map_data": {
        "Cookie Name": {
          "href": "",
          "value": "*************************Vew",
          "timestamp": 0
        },
        "IP Address": {
          "href": "",
          "value": "2601:603:f80:2560:f497:a68c:7278:f133",
          "timestamp": 0
        },
        "Language Code": {
          "href": "",
          "value": "en",
          "timestamp": 0
        },
        "Time": {
          "href": "",
          "value": "",
          "timestamp": 1542259239
        },
        "User Agent": {
          "href": "",
          "value": "Mozilla/5.0 (Windows NT 10.0; Win64; x64) AppleWebKit/537.36 (KHTML, like Gecko) Chrome/70.0.3538.102 Safari/537.36",
          "timestamp": 0
        }
      }
    },
    {
      "title": "2018-11-12T17:07:11+00:00",
      "media_map_data": {
        
      },
      "string_map_data": {
        "Cookie Name": {
          "href": "",
          "value": "*************************rGY",
          "timestamp": 0
        },
        "IP Address": {
          "href": "",
          "value": "24.16.153.185",
          "timestamp": 0
        },
        "Language Code": {
          "href": "",
          "value": "en",
          "timestamp": 0
        },
        "Time": {
          "href": "",
          "value": "",
          "timestamp": 1542042431
        },
        "User Agent": {
          "href": "",
          "value": "Mozilla/5.0 (Windows NT 10.0; Win64; x64) AppleWebKit/537.36 (KHTML, like Gecko) Chrome/70.0.3538.77 Safari/537.36",
          "timestamp": 0
        }
      }
    },
    {
      "title": "2018-11-12T05:48:34+00:00",
      "media_map_data": {
        
      },
      "string_map_data": {
        "Cookie Name": {
          "href": "",
          "value": "*************************EaJ",
          "timestamp": 0
        },
        "IP Address": {
          "href": "",
          "value": "24.16.153.185",
          "timestamp": 0
        },
        "Language Code": {
          "href": "",
          "value": "en",
          "timestamp": 0
        },
        "Time": {
          "href": "",
          "value": "",
          "timestamp": 1542001714
        },
        "User Agent": {
          "href": "",
          "value": "Mozilla/5.0 (Windows NT 10.0; Win64; x64) AppleWebKit/537.36 (KHTML, like Gecko) Chrome/70.0.3538.77 Safari/537.36",
          "timestamp": 0
        }
      }
    },
    {
      "title": "2018-11-12T05:43:06+00:00",
      "media_map_data": {
        
      },
      "string_map_data": {
        "Cookie Name": {
          "href": "",
          "value": "*************************DAm",
          "timestamp": 0
        },
        "IP Address": {
          "href": "",
          "value": "24.16.153.185",
          "timestamp": 0
        },
        "Language Code": {
          "href": "",
          "value": "en",
          "timestamp": 0
        },
        "Time": {
          "href": "",
          "value": "",
          "timestamp": 1542001386
        },
        "User Agent": {
          "href": "",
          "value": "Mozilla/5.0 (Windows NT 10.0; Win64; x64) AppleWebKit/537.36 (KHTML, like Gecko) Chrome/70.0.3538.77 Safari/537.36",
          "timestamp": 0
        }
      }
    },
    {
      "title": "2018-11-12T05:43:05+00:00",
      "media_map_data": {
        
      },
      "string_map_data": {
        "Cookie Name": {
          "href": "",
          "value": "*************************DAm",
          "timestamp": 0
        },
        "IP Address": {
          "href": "",
          "value": "24.16.153.185",
          "timestamp": 0
        },
        "Language Code": {
          "href": "",
          "value": "en",
          "timestamp": 0
        },
        "Time": {
          "href": "",
          "value": "",
          "timestamp": 1542001385
        },
        "User Agent": {
          "href": "",
          "value": "Mozilla/5.0 (Windows NT 10.0; Win64; x64) AppleWebKit/537.36 (KHTML, like Gecko) Chrome/70.0.3538.77 Safari/537.36",
          "timestamp": 0
        }
      }
    }
  ]
}