{
  "account_history_registration_info": [
    {
      "title": "",
      "media_map_data": {
        
      },
      "string_map_data": {
        "Username": {
          "href": "",
          "value": "Eric Zhou",
          "timestamp": 0
        },
        "IP Address": {
          "href": "",
          "value": "24.16.153.185",
          "timestamp": 0
        },
        "Time": {
          "href": "",
          "value": "",
          "timestamp": 1542001385
        },
        "Email": {
          "href": "",
          "value": "ericsuper@outlook.com",
          "timestamp": 0
        },
        "Phone Number": {
          "href": "",
          "value": "",
          "timestamp": 0
        },
        "Device": {
          "href": "",
          "value": "",
          "timestamp": 0
        }
      }
    }
  ]
}