{
  "comments_media_comments": [
    {
      "title": "aki1esh",
      "media_map_data": {
        
      },
      "string_map_data": {
        "Comment": {
          "href": "",
          "value": "W",
          "timestamp": 0
        },
        "Comment creation time": {
          "href": "",
          "value": "",
          "timestamp": 1653959484
        },
        "Deletion status": {
          "href": "",
          "value": "False",
          "timestamp": 0
        },
        "Media owner": {
          "href": "",
          "value": "aki1esh",
          "timestamp": 0
        }
      }
    },
    {
      "title": "basic.mass",
      "media_map_data": {
        
      },
      "string_map_data": {
        "Comment": {
          "href": "",
          "value": "Comment",
          "timestamp": 0
        },
        "Comment creation time": {
          "href": "",
          "value": "",
          "timestamp": 1554742592
        },
        "Deletion status": {
          "href": "",
          "value": "False",
          "timestamp": 0
        },
        "Media owner": {
          "href": "",
          "value": "basic.mass",
          "timestamp": 0
        }
      }
    },
    {
      "title": "monsterlegendscommunity",
      "media_map_data": {
        
      },
      "string_map_data": {
        "Comment": {
          "href": "",
          "value": "Reeeee",
          "timestamp": 0
        },
        "Comment creation time": {
          "href": "",
          "value": "",
          "timestamp": 1553574000
        },
        "Deletion status": {
          "href": "",
          "value": "False",
          "timestamp": 0
        },
        "Media owner": {
          "href": "",
          "value": "monsterlegendscommunity",
          "timestamp": 0
        }
      }
    }
  ]
}