{
  "ig_archived_post_media": [
    {
      "media": [
        {
          "uri": "media/archived_posts/201903/52922726_839672439706200_3989769677370014470_n_18024283399082639.jpg",
          "creation_timestamp": 1553645524,
          "title": ""
        },
        {
          "uri": "media/archived_posts/201903/54511104_658771524577822_5768446982594451122_n_18005379820196957.jpg",
          "creation_timestamp": 1553645524,
          "title": ""
        }
      ],
      "title": "Built beach shade in backyard",
      "creation_timestamp": 1553645525
    },
    {
      "media": [
        {
          "uri": "media/archived_posts/201812/47491733_124284415270054_2013622509673002957_n_18015412105003468.jpg",
          "creation_timestamp": 1546019554,
          "title": ""
        },
        {
          "uri": "media/archived_posts/201812/47373223_302125760427003_5516683888895948194_n_17908061317272097.jpg",
          "creation_timestamp": 1546019555,
          "title": ""
        },
        {
          "uri": "media/archived_posts/201812/47581161_2304226386476994_219638783435130010_n_18016742464004755.jpg",
          "creation_timestamp": 1546019555,
          "title": ""
        },
        {
          "uri": "media/archived_posts/201812/47353237_363723851072675_3024659394693440793_n_18011644222070796.jpg",
          "creation_timestamp": 1546019555,
          "title": ""
        },
        {
          "uri": "media/archived_posts/201812/47584591_281138402594409_2943098490025936778_n_17955138868206438.jpg",
          "creation_timestamp": 1546019555,
          "title": ""
        },
        {
          "uri": "media/archived_posts/201812/47582219_215854672688368_2185927933746411627_n_17850016633318459.jpg",
          "creation_timestamp": 1546019556,
          "title": ""
        }
      ],
      "title": "Cancun Mexico",
      "creation_timestamp": 1546019556
    },
    {
      "media": [
        {
          "uri": "media/archived_posts/201812/47692405_2238885029701085_6688411731819406191_n_18014718991028242.jpg",
          "creation_timestamp": 1545440594,
          "title": "Plane to Cancun"
        }
      ]
    },
    {
      "media": [
        {
          "uri": "media/archived_posts/201811/46293935_333951124088856_4750847893525466391_n_17931966316224025.jpg",
          "creation_timestamp": 1543370925,
          "media_metadata": {
            "photo_metadata": {
              "exif_data": [
                {
                  "latitude": 31.2,
                  "longitude": 121.5
                }
              ]
            }
          },
          "title": "Shanghai at night"
        }
      ]
    }
  ]
}