{
  "ig_stories": [
    {
      "uri": "media/stories/202202/FQIoAkMzLBdAKDMzMzMzMxgSZGFzaF9iYXNlbGluZV8xX3YxEQB16AcA_18028917631338929",
      "creation_timestamp": 1644205540,
      "media_metadata": {
        "video_metadata": {
          "exif_data": [
            {
              "device_id": "1AA6EEFA-3B9F-49E8-929B-C3052628032A",
              "camera_position": "unknown",
              "source_type": "reel_reshare"
            }
          ]
        }
      },
      "title": ""
    },
    {
      "uri": "media/stories/202202/7642AE1179610EF6549DB046A470B5B3_video_dashinit_17891367857563554.mp4",
      "creation_timestamp": 1644205533,
      "media_metadata": {
        "video_metadata": {
          "exif_data": [
            {
              "device_id": "1AA6EEFA-3B9F-49E8-929B-C3052628032A",
              "camera_position": "unknown",
              "source_type": "reel_reshare"
            }
          ]
        }
      },
      "title": ""
    },
    {
      "uri": "media/stories/202201/0C4ABCC603E331CA59FF1C3A57C2818F_video_dashinit_17858789159649129.mp4",
      "creation_timestamp": 1642308093,
      "media_metadata": {
        "video_metadata": {
          "exif_data": [
            {
              "device_id": "1AA6EEFA-3B9F-49E8-929B-C3052628032A",
              "camera_position": "unknown",
              "source_type": "reel_reshare"
            }
          ]
        }
      },
      "title": ""
    },
    {
      "uri": "media/stories/201904/54226374_141509123560793_6448530398876927358_n_18027151258088669.jpg",
      "creation_timestamp": 1554527409,
      "title": ""
    },
    {
      "uri": "media/stories/201904/54511065_124124568753745_8560468724638459756_n_18012333694169935.jpg",
      "creation_timestamp": 1554527408,
      "title": "Yay, we stripped a servo during robotics @ftc_roboeclipse_11138  @hansennansen"
    },
    {
      "uri": "media/stories/201904/54510826_442315403242081_8227340557943196404_n_18026166742095342.jpg",
      "creation_timestamp": 1554431187,
      "title": ""
    },
    {
      "uri": "media/stories/201903/52421021_299498287411654_2765750124778976498_n_17888380201306919.jpg",
      "creation_timestamp": 1553470333,
      "title": "@ftc_roboeclipse_11138 \n@spy061 \n@assassinmochi \n@elijamaica \n@hansennansen"
    },
    {
      "uri": "media/stories/201903/53602209_303908766953764_7199125389255084444_n_17865281518353535.jpg",
      "creation_timestamp": 1553469833,
      "title": ""
    },
    {
      "uri": "media/stories/201903/53863059_273895560186667_4602461700606006323_n_17970175570239146.jpg",
      "creation_timestamp": 1552875097,
      "title": "Made it to World Competition FTC @ftc_roboeclipse_11138 \n@hansennansen \n@spy061 \n@elijamaica \n@assassinmochi"
    }
  ]
}