{
  "relationships_close_friends": [
    {
      "title": "",
      "media_list_data": [
        
      ],
      "string_list_data": [
        {
          "href": "https://www.instagram.com/austin_.hong",
          "value": "austin_.hong",
          "timestamp": 1565886203
        }
      ]
    },
    {
      "title": "",
      "media_list_data": [
        
      ],
      "string_list_data": [
        {
          "href": "https://www.instagram.com/frang.l",
          "value": "frang.l",
          "timestamp": 1554939279
        }
      ]
    },
    {
      "title": "",
      "media_list_data": [
        
      ],
      "string_list_data": [
        {
          "href": "https://www.instagram.com/hansennansen",
          "value": "hansennansen",
          "timestamp": 1554939279
        }
      ]
    },
    {
      "title": "",
      "media_list_data": [
        
      ],
      "string_list_data": [
        {
          "href": "https://www.instagram.com/matthew.chuu",
          "value": "matthew.chuu",
          "timestamp": 1551402265
        }
      ]
    }
  ]
}