{
  "relationships_follow_requests_sent": [
    {
      "title": "",
      "media_list_data": [
        
      ],
      "string_list_data": [
        {
          "href": "https://www.instagram.com/nathanzdoingthings",
          "value": "nathanzdoingthings",
          "timestamp": 1658786651
        }
      ]
    },
    {
      "title": "",
      "media_list_data": [
        
      ],
      "string_list_data": [
        {
          "href": "https://www.instagram.com/ian_burger23",
          "value": "ian_burger23",
          "timestamp": 1650085960
        }
      ]
    },
    {
      "title": "",
      "media_list_data": [
        
      ],
      "string_list_data": [
        {
          "href": "https://www.instagram.com/tajtellick",
          "value": "tajtellick",
          "timestamp": 1573445219
        }
      ]
    }
  ]
}