{
  "relationships_unfollowed_users": [
    {
      "title": "",
      "media_list_data": [
        
      ],
      "string_list_data": [
        {
          "href": "https://www.instagram.com/khaby00",
          "value": "khaby00",
          "timestamp": 1660471339
        }
      ]
    },
    {
      "title": "",
      "media_list_data": [
        
      ],
      "string_list_data": [
        {
          "href": "https://www.instagram.com/chantellepaige",
          "value": "chantellepaige",
          "timestamp": 1659502786
        }
      ]
    },
    {
      "title": "",
      "media_list_data": [
        
      ],
      "string_list_data": [
        {
          "href": "https://www.instagram.com/mitpics",
          "value": "mitpics",
          "timestamp": 1658441495
        }
      ]
    },
    {
      "title": "",
      "media_list_data": [
        
      ],
      "string_list_data": [
        {
          "href": "https://www.instagram.com/gamanderlopez",
          "value": "gamanderlopez",
          "timestamp": 1658441482
        }
      ]
    },
    {
      "title": "",
      "media_list_data": [
        
      ],
      "string_list_data": [
        {
          "href": "https://www.instagram.com/wianvandenberg",
          "value": "wianvandenberg",
          "timestamp": 1658441480
        }
      ]
    },
    {
      "title": "",
      "media_list_data": [
        
      ],
      "string_list_data": [
        {
          "href": "https://www.instagram.com/python.hub",
          "value": "python.hub",
          "timestamp": 1658441471
        }
      ]
    },
    {
      "title": "",
      "media_list_data": [
        
      ],
      "string_list_data": [
        {
          "href": "https://www.instagram.com/sallyslices_",
          "value": "sallyslices_",
          "timestamp": 1658441467
        }
      ]
    },
    {
      "title": "",
      "media_list_data": [
        
      ],
      "string_list_data": [
        {
          "href": "https://www.instagram.com/theodd1sout",
          "value": "theodd1sout",
          "timestamp": 1658441449
        }
      ]
    },
    {
      "title": "",
      "media_list_data": [
        
      ],
      "string_list_data": [
        {
          "href": "https://www.instagram.com/engineeringenigma",
          "value": "engineeringenigma",
          "timestamp": 1658441443
        }
      ]
    },
    {
      "title": "",
      "media_list_data": [
        
      ],
      "string_list_data": [
        {
          "href": "https://www.instagram.com/riceuniversity",
          "value": "riceuniversity",
          "timestamp": 1658441433
        }
      ]
    },
    {
      "title": "",
      "media_list_data": [
        
      ],
      "string_list_data": [
        {
          "href": "https://www.instagram.com/mit_engineering",
          "value": "mit_engineering",
          "timestamp": 1658441431
        }
      ]
    },
    {
      "title": "",
      "media_list_data": [
        
      ],
      "string_list_data": [
        {
          "href": "https://www.instagram.com/jaiden_animations",
          "value": "jaiden_animations",
          "timestamp": 1658441424
        }
      ]
    },
    {
      "title": "",
      "media_list_data": [
        
      ],
      "string_list_data": [
        {
          "href": "https://www.instagram.com/dremmatic_",
          "value": "dremmatic_",
          "timestamp": 1658441421
        }
      ]
    },
    {
      "title": "",
      "media_list_data": [
        
      ],
      "string_list_data": [
        {
          "href": "https://www.instagram.com/turtleme93",
          "value": "turtleme93",
          "timestamp": 1658441404
        }
      ]
    },
    {
      "title": "",
      "media_list_data": [
        
      ],
      "string_list_data": [
        {
          "href": "https://www.instagram.com/zhc",
          "value": "zhc",
          "timestamp": 1658441397
        }
      ]
    }
  ]
}