{
  "relationships_permanent_follow_requests": [
    {
      "title": "",
      "media_list_data": [
        
      ],
      "string_list_data": [
        {
          "href": "https://www.instagram.com/james_herink",
          "value": "james_herink",
          "timestamp": 1661414510
        }
      ]
    },
    {
      "title": "",
      "media_list_data": [
        
      ],
      "string_list_data": [
        {
          "href": "https://www.instagram.com/sad.hanaaaa_",
          "value": "sad.hanaaaa_",
          "timestamp": 1660858377
        }
      ]
    },
    {
      "title": "",
      "media_list_data": [
        
      ],
      "string_list_data": [
        {
          "href": "https://www.instagram.com/pwinkess",
          "value": "pwinkess",
          "timestamp": 1660216904
        }
      ]
    },
    {
      "title": "",
      "media_list_data": [
        
      ],
      "string_list_data": [
        {
          "href": "https://www.instagram.com/nathanzdoingthings",
          "value": "nathanzdoingthings",
          "timestamp": 1658786651
        }
      ]
    }
  ]
}